event_id,threshold_mode,scale_m,active_units,budget,k,spearman,overlap
C2_2025_LOWER_OHIO,fixed,500,684,0.1,69,0.9261769264425828,0.9855072463768116
C2_2025_LOWER_OHIO,fixed,500,684,0.2,137,0.9261769264425828,0.9781021897810219
C2_2025_LOWER_OHIO,fixed,10000,42,0.1,5,0.8499718957492997,1.0
C2_2025_LOWER_OHIO,fixed,10000,42,0.2,9,0.8499718957492997,0.8888888888888888
C2_2025_LOWER_OHIO,otsu,500,605,0.1,61,0.8830013540909795,0.9672131147540983
C2_2025_LOWER_OHIO,otsu,500,605,0.2,121,0.8830013540909795,0.9090909090909091
C2_2025_LOWER_OHIO,otsu,10000,41,0.1,5,0.8259308391104957,1.0
C2_2025_LOWER_OHIO,otsu,10000,41,0.2,9,0.8259308391104957,0.8888888888888888
D3_2024_CENTRAL_INDIANA,fixed,500,176,0.1,18,0.8770689719928008,0.9444444444444444
D3_2024_CENTRAL_INDIANA,fixed,500,176,0.2,36,0.8770689719928008,0.9444444444444444
D3_2024_CENTRAL_INDIANA,fixed,10000,36,0.1,4,0.704346046936988,1.0
D3_2024_CENTRAL_INDIANA,fixed,10000,36,0.2,8,0.704346046936988,1.0
D3_2024_CENTRAL_INDIANA,otsu,500,125,0.1,13,0.9306097403811348,1.0
D3_2024_CENTRAL_INDIANA,otsu,500,125,0.2,25,0.9306097403811348,1.0
D3_2024_CENTRAL_INDIANA,otsu,10000,26,0.1,3,0.9020096844800406,1.0
D3_2024_CENTRAL_INDIANA,otsu,10000,26,0.2,6,0.9020096844800406,0.8333333333333334
D5_2024_NEBRASKA_IOWA,fixed,500,464,0.1,47,0.5663699536767222,0.7872340425531915
D5_2024_NEBRASKA_IOWA,fixed,500,464,0.2,93,0.5663699536767222,0.6881720430107527
D5_2024_NEBRASKA_IOWA,fixed,10000,67,0.1,7,0.6088964409676956,0.5714285714285714
D5_2024_NEBRASKA_IOWA,fixed,10000,67,0.2,14,0.6088964409676956,0.7142857142857143
D5_2024_NEBRASKA_IOWA,otsu,500,3373,0.1,338,0.3953158765660327,0.650887573964497
D5_2024_NEBRASKA_IOWA,otsu,500,3373,0.2,675,0.3953158765660327,0.6903703703703704
D5_2024_NEBRASKA_IOWA,otsu,10000,92,0.1,10,0.9186879409464375,0.8
D5_2024_NEBRASKA_IOWA,otsu,10000,92,0.2,19,0.9186879409464375,0.7368421052631579
