event_id,selection_phase,regime,score,budget_fraction,candidate_count,selected_unit_equivalents,total_external_outcome,loss_capture_fraction,capture_lift_over_random,spearman_outcome,kendall_outcome,outcome_estimable
C2_2025_LOWER_OHIO,legacy_exact_pair_screen,flash_or_mixed,s30_water_fraction,0.05,13,0.65,2832329.78,0.3232518963593286,6.465037927186572,0.40440203319233614,0.3225873588078182,True
C2_2025_LOWER_OHIO,legacy_exact_pair_screen,flash_or_mixed,l30_water_fraction,0.05,13,0.65,2832329.78,0.3232518963593286,6.465037927186572,0.3438792799254559,0.2709733813985673,True
C2_2025_LOWER_OHIO,legacy_exact_pair_screen,flash_or_mixed,consensus_rank,0.05,13,0.65,2832329.78,0.3232518963593286,6.465037927186572,0.3751727706758136,0.3006600167292012,True
C2_2025_LOWER_OHIO,legacy_exact_pair_screen,flash_or_mixed,agreement_weighted_score,0.05,13,0.65,2832329.78,0.3232518963593286,6.465037927186572,0.40440203319233614,0.3225873588078182,True
C2_2025_LOWER_OHIO,legacy_exact_pair_screen,flash_or_mixed,s30_water_fraction,0.1,13,1.3,2832329.78,0.4973106097835825,4.973106097835824,0.40440203319233614,0.3225873588078182,True
C2_2025_LOWER_OHIO,legacy_exact_pair_screen,flash_or_mixed,l30_water_fraction,0.1,13,1.3,2832329.78,0.4973106097835825,4.973106097835824,0.3438792799254559,0.2709733813985673,True
C2_2025_LOWER_OHIO,legacy_exact_pair_screen,flash_or_mixed,consensus_rank,0.1,13,1.3,2832329.78,0.4973106097835825,4.973106097835824,0.3751727706758136,0.3006600167292012,True
C2_2025_LOWER_OHIO,legacy_exact_pair_screen,flash_or_mixed,agreement_weighted_score,0.1,13,1.3,2832329.78,0.4973106097835825,4.973106097835824,0.40440203319233614,0.3225873588078182,True
C2_2025_LOWER_OHIO,legacy_exact_pair_screen,flash_or_mixed,s30_water_fraction,0.15,13,1.95,2832329.78,0.4973106097835825,3.315404065223883,0.40440203319233614,0.3225873588078182,True
C2_2025_LOWER_OHIO,legacy_exact_pair_screen,flash_or_mixed,l30_water_fraction,0.15,13,1.95,2832329.78,0.4973106097835825,3.315404065223883,0.3438792799254559,0.2709733813985673,True
C2_2025_LOWER_OHIO,legacy_exact_pair_screen,flash_or_mixed,consensus_rank,0.15,13,1.95,2832329.78,0.4973106097835825,3.315404065223883,0.3751727706758136,0.3006600167292012,True
C2_2025_LOWER_OHIO,legacy_exact_pair_screen,flash_or_mixed,agreement_weighted_score,0.15,13,1.95,2832329.78,0.4973106097835825,3.315404065223883,0.40440203319233614,0.3225873588078182,True
C2_2025_LOWER_OHIO,legacy_exact_pair_screen,flash_or_mixed,s30_water_fraction,0.2,13,2.6,2832329.78,0.5336410317304223,2.6682051586521114,0.40440203319233614,0.3225873588078182,True
C2_2025_LOWER_OHIO,legacy_exact_pair_screen,flash_or_mixed,l30_water_fraction,0.2,13,2.6,2832329.78,0.5336410317304223,2.6682051586521114,0.3438792799254559,0.2709733813985673,True
C2_2025_LOWER_OHIO,legacy_exact_pair_screen,flash_or_mixed,consensus_rank,0.2,13,2.6,2832329.78,0.5336410317304223,2.6682051586521114,0.3751727706758136,0.3006600167292012,True
C2_2025_LOWER_OHIO,legacy_exact_pair_screen,flash_or_mixed,agreement_weighted_score,0.2,13,2.6,2832329.78,0.5336410317304223,2.6682051586521114,0.40440203319233614,0.3225873588078182,True
C2_2025_LOWER_OHIO,legacy_exact_pair_screen,flash_or_mixed,s30_water_fraction,0.25,13,3.25,2832329.78,0.5775665131056879,2.3102660524227514,0.40440203319233614,0.3225873588078182,True
C2_2025_LOWER_OHIO,legacy_exact_pair_screen,flash_or_mixed,l30_water_fraction,0.25,13,3.25,2832329.78,0.5652998889133596,2.2611995556534383,0.3438792799254559,0.2709733813985673,True
C2_2025_LOWER_OHIO,legacy_exact_pair_screen,flash_or_mixed,consensus_rank,0.25,13,3.25,2832329.78,0.5714332010095237,2.2857328040380946,0.3751727706758136,0.3006600167292012,True
C2_2025_LOWER_OHIO,legacy_exact_pair_screen,flash_or_mixed,agreement_weighted_score,0.25,13,3.25,2832329.78,0.5775665131056879,2.3102660524227514,0.40440203319233614,0.3225873588078182,True
C2_2025_LOWER_OHIO,legacy_exact_pair_screen,flash_or_mixed,s30_water_fraction,0.3,13,3.9,2832329.78,0.628800033306856,2.096000111022853,0.40440203319233614,0.3225873588078182,True
C2_2025_LOWER_OHIO,legacy_exact_pair_screen,flash_or_mixed,l30_water_fraction,0.3,13,3.9,2832329.78,0.5846401862144739,1.9488006207149131,0.3438792799254559,0.2709733813985673,True
C2_2025_LOWER_OHIO,legacy_exact_pair_screen,flash_or_mixed,consensus_rank,0.3,13,3.9000000000000004,2832329.78,0.6067201097606649,2.0224003658688834,0.3751727706758136,0.3006600167292012,True
C2_2025_LOWER_OHIO,legacy_exact_pair_screen,flash_or_mixed,agreement_weighted_score,0.3,13,3.9,2832329.78,0.628800033306856,2.096000111022853,0.40440203319233614,0.3225873588078182,True
C2_2025_LOWER_OHIO,legacy_exact_pair_screen,flash_or_mixed,s30_water_fraction,0.35,13,4.55,2832329.78,0.6530469802849017,1.8658485150997193,0.40440203319233614,0.3225873588078182,True
C2_2025_LOWER_OHIO,legacy_exact_pair_screen,flash_or_mixed,l30_water_fraction,0.35,13,4.55,2832329.78,0.6309670567387107,1.8027630192534592,0.3438792799254559,0.2709733813985673,True
C2_2025_LOWER_OHIO,legacy_exact_pair_screen,flash_or_mixed,consensus_rank,0.35,13,4.55,2832329.78,0.6420070185118062,1.8343057671765892,0.3751727706758136,0.3006600167292012,True
C2_2025_LOWER_OHIO,legacy_exact_pair_screen,flash_or_mixed,agreement_weighted_score,0.35,13,4.55,2832329.78,0.6530469802849017,1.8658485150997193,0.40440203319233614,0.3225873588078182,True
C2_2025_LOWER_OHIO,legacy_exact_pair_screen,flash_or_mixed,s30_water_fraction,0.4,13,5.2,2832329.78,0.6781438459472047,1.6953596148680117,0.40440203319233614,0.3225873588078182,True
C2_2025_LOWER_OHIO,legacy_exact_pair_screen,flash_or_mixed,l30_water_fraction,0.4,13,5.2,2832329.78,0.6781438459472047,1.6953596148680117,0.3438792799254559,0.2709733813985673,True
C2_2025_LOWER_OHIO,legacy_exact_pair_screen,flash_or_mixed,consensus_rank,0.4,13,5.2,2832329.78,0.6781438459472047,1.6953596148680117,0.3751727706758136,0.3006600167292012,True
C2_2025_LOWER_OHIO,legacy_exact_pair_screen,flash_or_mixed,agreement_weighted_score,0.4,13,5.2,2832329.78,0.6781438459472047,1.6953596148680117,0.40440203319233614,0.3225873588078182,True
C2_2025_LOWER_OHIO,legacy_exact_pair_screen,flash_or_mixed,s30_water_fraction,0.45,13,5.8500000000000005,2832329.78,0.7161929904221817,1.5915399787159592,0.40440203319233614,0.3225873588078182,True
C2_2025_LOWER_OHIO,legacy_exact_pair_screen,flash_or_mixed,l30_water_fraction,0.45,13,5.8500000000000005,2832329.78,0.7161929904221817,1.5915399787159592,0.3438792799254559,0.2709733813985673,True
C2_2025_LOWER_OHIO,legacy_exact_pair_screen,flash_or_mixed,consensus_rank,0.45,13,5.8500000000000005,2832329.78,0.7161929904221817,1.5915399787159592,0.3751727706758136,0.3006600167292012,True
C2_2025_LOWER_OHIO,legacy_exact_pair_screen,flash_or_mixed,agreement_weighted_score,0.45,13,5.8500000000000005,2832329.78,0.7161929904221817,1.5915399787159592,0.40440203319233614,0.3225873588078182,True
C2_2025_LOWER_OHIO,legacy_exact_pair_screen,flash_or_mixed,s30_water_fraction,0.5,13,6.5,2832329.78,0.7971049172812074,1.5942098345624147,0.40440203319233614,0.3225873588078182,True
C2_2025_LOWER_OHIO,legacy_exact_pair_screen,flash_or_mixed,l30_water_fraction,0.5,13,6.5,2832329.78,0.7971049172812074,1.5942098345624147,0.3438792799254559,0.2709733813985673,True
C2_2025_LOWER_OHIO,legacy_exact_pair_screen,flash_or_mixed,consensus_rank,0.5,13,6.5,2832329.78,0.7971049172812074,1.5942098345624147,0.3751727706758136,0.3006600167292012,True
C2_2025_LOWER_OHIO,legacy_exact_pair_screen,flash_or_mixed,agreement_weighted_score,0.5,13,6.5,2832329.78,0.7971049172812074,1.5942098345624147,0.40440203319233614,0.3225873588078182,True
D2_2023_RED_RIVER,legacy_exact_pair_screen,fluvial,s30_water_fraction,0.05,3,0.15000000000000002,3351285.0,0.007875471647442699,0.15750943294885397,-1.0,-1.0,True
D2_2023_RED_RIVER,legacy_exact_pair_screen,fluvial,l30_water_fraction,0.05,3,0.15000000000000002,3351285.0,0.007875471647442699,0.15750943294885397,-1.0,-1.0,True
D2_2023_RED_RIVER,legacy_exact_pair_screen,fluvial,consensus_rank,0.05,3,0.15000000000000002,3351285.0,0.007875471647442699,0.15750943294885397,-1.0,-1.0,True
D2_2023_RED_RIVER,legacy_exact_pair_screen,fluvial,agreement_weighted_score,0.05,3,0.15000000000000002,3351285.0,0.007875471647442699,0.15750943294885397,-1.0,-1.0,True
D2_2023_RED_RIVER,legacy_exact_pair_screen,fluvial,s30_water_fraction,0.1,3,0.30000000000000004,3351285.0,0.015750943294885397,0.15750943294885397,-1.0,-1.0,True
D2_2023_RED_RIVER,legacy_exact_pair_screen,fluvial,l30_water_fraction,0.1,3,0.30000000000000004,3351285.0,0.015750943294885397,0.15750943294885397,-1.0,-1.0,True
D2_2023_RED_RIVER,legacy_exact_pair_screen,fluvial,consensus_rank,0.1,3,0.30000000000000004,3351285.0,0.015750943294885397,0.15750943294885397,-1.0,-1.0,True
D2_2023_RED_RIVER,legacy_exact_pair_screen,fluvial,agreement_weighted_score,0.1,3,0.30000000000000004,3351285.0,0.015750943294885397,0.15750943294885397,-1.0,-1.0,True
D2_2023_RED_RIVER,legacy_exact_pair_screen,fluvial,s30_water_fraction,0.15,3,0.44999999999999996,3351285.0,0.02362641494232809,0.15750943294885394,-1.0,-1.0,True
D2_2023_RED_RIVER,legacy_exact_pair_screen,fluvial,l30_water_fraction,0.15,3,0.44999999999999996,3351285.0,0.02362641494232809,0.15750943294885394,-1.0,-1.0,True
D2_2023_RED_RIVER,legacy_exact_pair_screen,fluvial,consensus_rank,0.15,3,0.44999999999999996,3351285.0,0.02362641494232809,0.15750943294885394,-1.0,-1.0,True
D2_2023_RED_RIVER,legacy_exact_pair_screen,fluvial,agreement_weighted_score,0.15,3,0.44999999999999996,3351285.0,0.02362641494232809,0.15750943294885394,-1.0,-1.0,True
D2_2023_RED_RIVER,legacy_exact_pair_screen,fluvial,s30_water_fraction,0.2,3,0.6000000000000001,3351285.0,0.031501886589770794,0.15750943294885397,-1.0,-1.0,True
D2_2023_RED_RIVER,legacy_exact_pair_screen,fluvial,l30_water_fraction,0.2,3,0.6000000000000001,3351285.0,0.031501886589770794,0.15750943294885397,-1.0,-1.0,True
D2_2023_RED_RIVER,legacy_exact_pair_screen,fluvial,consensus_rank,0.2,3,0.6000000000000001,3351285.0,0.031501886589770794,0.15750943294885397,-1.0,-1.0,True
D2_2023_RED_RIVER,legacy_exact_pair_screen,fluvial,agreement_weighted_score,0.2,3,0.6000000000000001,3351285.0,0.031501886589770794,0.15750943294885397,-1.0,-1.0,True
D2_2023_RED_RIVER,legacy_exact_pair_screen,fluvial,s30_water_fraction,0.25,3,0.75,3351285.0,0.039377358237213486,0.15750943294885394,-1.0,-1.0,True
D2_2023_RED_RIVER,legacy_exact_pair_screen,fluvial,l30_water_fraction,0.25,3,0.75,3351285.0,0.039377358237213486,0.15750943294885394,-1.0,-1.0,True
D2_2023_RED_RIVER,legacy_exact_pair_screen,fluvial,consensus_rank,0.25,3,0.75,3351285.0,0.039377358237213486,0.15750943294885394,-1.0,-1.0,True
D2_2023_RED_RIVER,legacy_exact_pair_screen,fluvial,agreement_weighted_score,0.25,3,0.75,3351285.0,0.039377358237213486,0.15750943294885394,-1.0,-1.0,True
D2_2023_RED_RIVER,legacy_exact_pair_screen,fluvial,s30_water_fraction,0.3,3,0.8999999999999999,3351285.0,0.04725282988465618,0.15750943294885394,-1.0,-1.0,True
D2_2023_RED_RIVER,legacy_exact_pair_screen,fluvial,l30_water_fraction,0.3,3,0.8999999999999999,3351285.0,0.04725282988465618,0.15750943294885394,-1.0,-1.0,True
D2_2023_RED_RIVER,legacy_exact_pair_screen,fluvial,consensus_rank,0.3,3,0.8999999999999999,3351285.0,0.04725282988465618,0.15750943294885394,-1.0,-1.0,True
D2_2023_RED_RIVER,legacy_exact_pair_screen,fluvial,agreement_weighted_score,0.3,3,0.8999999999999999,3351285.0,0.04725282988465618,0.15750943294885394,-1.0,-1.0,True
D2_2023_RED_RIVER,legacy_exact_pair_screen,fluvial,s30_water_fraction,0.35,3,1.0499999999999998,3351285.0,0.061723174841888974,0.17635192811968278,-1.0,-1.0,True
D2_2023_RED_RIVER,legacy_exact_pair_screen,fluvial,l30_water_fraction,0.35,3,1.0499999999999998,3351285.0,0.061723174841888974,0.17635192811968278,-1.0,-1.0,True
D2_2023_RED_RIVER,legacy_exact_pair_screen,fluvial,consensus_rank,0.35,3,1.0499999999999998,3351285.0,0.061723174841888974,0.17635192811968278,-1.0,-1.0,True
D2_2023_RED_RIVER,legacy_exact_pair_screen,fluvial,agreement_weighted_score,0.35,3,1.0499999999999998,3351285.0,0.061723174841888974,0.17635192811968278,-1.0,-1.0,True
D2_2023_RED_RIVER,legacy_exact_pair_screen,fluvial,s30_water_fraction,0.4,3,1.2000000000000002,3351285.0,0.08938326641870212,0.22345816604675528,-1.0,-1.0,True
D2_2023_RED_RIVER,legacy_exact_pair_screen,fluvial,l30_water_fraction,0.4,3,1.2000000000000002,3351285.0,0.08938326641870212,0.22345816604675528,-1.0,-1.0,True
D2_2023_RED_RIVER,legacy_exact_pair_screen,fluvial,consensus_rank,0.4,3,1.2000000000000002,3351285.0,0.08938326641870212,0.22345816604675528,-1.0,-1.0,True
D2_2023_RED_RIVER,legacy_exact_pair_screen,fluvial,agreement_weighted_score,0.4,3,1.2000000000000002,3351285.0,0.08938326641870212,0.22345816604675528,-1.0,-1.0,True
D2_2023_RED_RIVER,legacy_exact_pair_screen,fluvial,s30_water_fraction,0.45,3,1.35,3351285.0,0.11704335799551517,0.2600963511011448,-1.0,-1.0,True
D2_2023_RED_RIVER,legacy_exact_pair_screen,fluvial,l30_water_fraction,0.45,3,1.35,3351285.0,0.11704335799551517,0.2600963511011448,-1.0,-1.0,True
D2_2023_RED_RIVER,legacy_exact_pair_screen,fluvial,consensus_rank,0.45,3,1.35,3351285.0,0.11704335799551517,0.2600963511011448,-1.0,-1.0,True
D2_2023_RED_RIVER,legacy_exact_pair_screen,fluvial,agreement_weighted_score,0.45,3,1.35,3351285.0,0.11704335799551517,0.2600963511011448,-1.0,-1.0,True
D2_2023_RED_RIVER,legacy_exact_pair_screen,fluvial,s30_water_fraction,0.5,3,1.5,3351285.0,0.14470344957232822,0.28940689914465645,-1.0,-1.0,True
D2_2023_RED_RIVER,legacy_exact_pair_screen,fluvial,l30_water_fraction,0.5,3,1.5,3351285.0,0.14470344957232822,0.28940689914465645,-1.0,-1.0,True
D2_2023_RED_RIVER,legacy_exact_pair_screen,fluvial,consensus_rank,0.5,3,1.5,3351285.0,0.14470344957232822,0.28940689914465645,-1.0,-1.0,True
D2_2023_RED_RIVER,legacy_exact_pair_screen,fluvial,agreement_weighted_score,0.5,3,1.5,3351285.0,0.14470344957232822,0.28940689914465645,-1.0,-1.0,True
D3_2024_CENTRAL_INDIANA,legacy_exact_pair_screen,fluvial,s30_water_fraction,0.05,11,0.55,53142.0,0.0,0.0,-0.5258758927213288,-0.46401616866730944,True
D3_2024_CENTRAL_INDIANA,legacy_exact_pair_screen,fluvial,l30_water_fraction,0.05,11,0.55,53142.0,0.0,0.0,-0.6067798762169179,-0.525884991156284,True
D3_2024_CENTRAL_INDIANA,legacy_exact_pair_screen,fluvial,consensus_rank,0.05,11,0.55,53142.0,0.0,0.0,-0.5689197876420209,-0.5042027933306036,True
D3_2024_CENTRAL_INDIANA,legacy_exact_pair_screen,fluvial,agreement_weighted_score,0.05,11,0.55,53142.0,0.0,0.0,-0.5258758927213288,-0.46401616866730944,True
D3_2024_CENTRAL_INDIANA,legacy_exact_pair_screen,fluvial,s30_water_fraction,0.1,11,1.1,53142.0,0.0,0.0,-0.5258758927213288,-0.46401616866730944,True
D3_2024_CENTRAL_INDIANA,legacy_exact_pair_screen,fluvial,l30_water_fraction,0.1,11,1.1,53142.0,0.0,0.0,-0.6067798762169179,-0.525884991156284,True
D3_2024_CENTRAL_INDIANA,legacy_exact_pair_screen,fluvial,consensus_rank,0.1,11,1.1,53142.0,0.0,0.0,-0.5689197876420209,-0.5042027933306036,True
D3_2024_CENTRAL_INDIANA,legacy_exact_pair_screen,fluvial,agreement_weighted_score,0.1,11,1.1,53142.0,0.0,0.0,-0.5258758927213288,-0.46401616866730944,True
D3_2024_CENTRAL_INDIANA,legacy_exact_pair_screen,fluvial,s30_water_fraction,0.15,11,1.65,53142.0,0.0,0.0,-0.5258758927213288,-0.46401616866730944,True
D3_2024_CENTRAL_INDIANA,legacy_exact_pair_screen,fluvial,l30_water_fraction,0.15,11,1.65,53142.0,0.0,0.0,-0.6067798762169179,-0.525884991156284,True
D3_2024_CENTRAL_INDIANA,legacy_exact_pair_screen,fluvial,consensus_rank,0.15,11,1.65,53142.0,0.0,0.0,-0.5689197876420209,-0.5042027933306036,True
D3_2024_CENTRAL_INDIANA,legacy_exact_pair_screen,fluvial,agreement_weighted_score,0.15,11,1.65,53142.0,0.0,0.0,-0.5258758927213288,-0.46401616866730944,True
D3_2024_CENTRAL_INDIANA,legacy_exact_pair_screen,fluvial,s30_water_fraction,0.2,11,2.2,53142.0,0.0,0.0,-0.5258758927213288,-0.46401616866730944,True
D3_2024_CENTRAL_INDIANA,legacy_exact_pair_screen,fluvial,l30_water_fraction,0.2,11,2.2,53142.0,0.0,0.0,-0.6067798762169179,-0.525884991156284,True
D3_2024_CENTRAL_INDIANA,legacy_exact_pair_screen,fluvial,consensus_rank,0.2,11,2.2,53142.0,0.0,0.0,-0.5689197876420209,-0.5042027933306036,True
D3_2024_CENTRAL_INDIANA,legacy_exact_pair_screen,fluvial,agreement_weighted_score,0.2,11,2.2,53142.0,0.0,0.0,-0.5258758927213288,-0.46401616866730944,True
D3_2024_CENTRAL_INDIANA,legacy_exact_pair_screen,fluvial,s30_water_fraction,0.25,11,2.75,53142.0,0.0,0.0,-0.5258758927213288,-0.46401616866730944,True
D3_2024_CENTRAL_INDIANA,legacy_exact_pair_screen,fluvial,l30_water_fraction,0.25,11,2.75,53142.0,0.0,0.0,-0.6067798762169179,-0.525884991156284,True
D3_2024_CENTRAL_INDIANA,legacy_exact_pair_screen,fluvial,consensus_rank,0.25,11,2.75,53142.0,0.0,0.0,-0.5689197876420209,-0.5042027933306036,True
D3_2024_CENTRAL_INDIANA,legacy_exact_pair_screen,fluvial,agreement_weighted_score,0.25,11,2.75,53142.0,0.0,0.0,-0.5258758927213288,-0.46401616866730944,True
D3_2024_CENTRAL_INDIANA,legacy_exact_pair_screen,fluvial,s30_water_fraction,0.3,11,3.3,53142.0,0.0,0.0,-0.5258758927213288,-0.46401616866730944,True
D3_2024_CENTRAL_INDIANA,legacy_exact_pair_screen,fluvial,l30_water_fraction,0.3,11,3.3,53142.0,0.0,0.0,-0.6067798762169179,-0.525884991156284,True
D3_2024_CENTRAL_INDIANA,legacy_exact_pair_screen,fluvial,consensus_rank,0.3,11,3.3,53142.0,0.0,0.0,-0.5689197876420209,-0.5042027933306036,True
D3_2024_CENTRAL_INDIANA,legacy_exact_pair_screen,fluvial,agreement_weighted_score,0.3,11,3.3,53142.0,0.0,0.0,-0.5258758927213288,-0.46401616866730944,True
D3_2024_CENTRAL_INDIANA,legacy_exact_pair_screen,fluvial,s30_water_fraction,0.35,11,3.8499999999999996,53142.0,0.0,0.0,-0.5258758927213288,-0.46401616866730944,True
D3_2024_CENTRAL_INDIANA,legacy_exact_pair_screen,fluvial,l30_water_fraction,0.35,11,3.8499999999999996,53142.0,0.0,0.0,-0.6067798762169179,-0.525884991156284,True
D3_2024_CENTRAL_INDIANA,legacy_exact_pair_screen,fluvial,consensus_rank,0.35,11,3.8499999999999996,53142.0,0.0,0.0,-0.5689197876420209,-0.5042027933306036,True
D3_2024_CENTRAL_INDIANA,legacy_exact_pair_screen,fluvial,agreement_weighted_score,0.35,11,3.8499999999999996,53142.0,0.0,0.0,-0.5258758927213288,-0.46401616866730944,True
D3_2024_CENTRAL_INDIANA,legacy_exact_pair_screen,fluvial,s30_water_fraction,0.4,11,4.4,53142.0,0.0,0.0,-0.5258758927213288,-0.46401616866730944,True
D3_2024_CENTRAL_INDIANA,legacy_exact_pair_screen,fluvial,l30_water_fraction,0.4,11,4.4,53142.0,0.0,0.0,-0.6067798762169179,-0.525884991156284,True
D3_2024_CENTRAL_INDIANA,legacy_exact_pair_screen,fluvial,consensus_rank,0.4,11,4.4,53142.0,0.0,0.0,-0.5689197876420209,-0.5042027933306036,True
D3_2024_CENTRAL_INDIANA,legacy_exact_pair_screen,fluvial,agreement_weighted_score,0.4,11,4.4,53142.0,0.0,0.0,-0.5258758927213288,-0.46401616866730944,True
D3_2024_CENTRAL_INDIANA,legacy_exact_pair_screen,fluvial,s30_water_fraction,0.45,11,4.95,53142.0,0.0,0.0,-0.5258758927213288,-0.46401616866730944,True
D3_2024_CENTRAL_INDIANA,legacy_exact_pair_screen,fluvial,l30_water_fraction,0.45,11,4.95,53142.0,0.0,0.0,-0.6067798762169179,-0.525884991156284,True
D3_2024_CENTRAL_INDIANA,legacy_exact_pair_screen,fluvial,consensus_rank,0.45,11,4.95,53142.0,0.0,0.0,-0.5689197876420209,-0.5042027933306036,True
D3_2024_CENTRAL_INDIANA,legacy_exact_pair_screen,fluvial,agreement_weighted_score,0.45,11,4.95,53142.0,0.0,0.0,-0.5258758927213288,-0.46401616866730944,True
D3_2024_CENTRAL_INDIANA,legacy_exact_pair_screen,fluvial,s30_water_fraction,0.5,11,5.5,53142.0,0.0,0.0,-0.5258758927213288,-0.46401616866730944,True
D3_2024_CENTRAL_INDIANA,legacy_exact_pair_screen,fluvial,l30_water_fraction,0.5,11,5.5,53142.0,0.0,0.0,-0.6067798762169179,-0.525884991156284,True
D3_2024_CENTRAL_INDIANA,legacy_exact_pair_screen,fluvial,consensus_rank,0.5,11,5.5,53142.0,0.0,0.0,-0.5689197876420209,-0.5042027933306036,True
D3_2024_CENTRAL_INDIANA,legacy_exact_pair_screen,fluvial,agreement_weighted_score,0.5,11,5.5,53142.0,0.0,0.0,-0.5258758927213288,-0.46401616866730944,True
D5_2024_NEBRASKA_IOWA,legacy_exact_pair_screen,flash_or_mixed,s30_water_fraction,0.05,15,0.75,7723608.390000001,0.04562550069942114,0.9125100139884227,0.32499999999999996,0.2571428571428572,True
D5_2024_NEBRASKA_IOWA,legacy_exact_pair_screen,flash_or_mixed,l30_water_fraction,0.05,15,0.75,7723608.390000001,0.04562550069942114,0.9125100139884227,0.35357142857142854,0.29523809523809524,True
D5_2024_NEBRASKA_IOWA,legacy_exact_pair_screen,flash_or_mixed,consensus_rank,0.05,15,0.75,7723608.390000001,0.04562550069942114,0.9125100139884227,0.36493797212992807,0.31732236176482354,True
D5_2024_NEBRASKA_IOWA,legacy_exact_pair_screen,flash_or_mixed,agreement_weighted_score,0.05,15,0.75,7723608.390000001,0.04562550069942114,0.9125100139884227,0.2928571428571428,0.18095238095238098,True
D5_2024_NEBRASKA_IOWA,legacy_exact_pair_screen,flash_or_mixed,s30_water_fraction,0.1,15,1.5,7723608.390000001,0.1287458419418906,1.2874584194189058,0.32499999999999996,0.2571428571428572,True
D5_2024_NEBRASKA_IOWA,legacy_exact_pair_screen,flash_or_mixed,l30_water_fraction,0.1,15,1.5,7723608.390000001,0.1287458419418906,1.2874584194189058,0.35357142857142854,0.29523809523809524,True
D5_2024_NEBRASKA_IOWA,legacy_exact_pair_screen,flash_or_mixed,consensus_rank,0.1,15,1.5,7723608.390000001,0.1287458419418906,1.2874584194189058,0.36493797212992807,0.31732236176482354,True
D5_2024_NEBRASKA_IOWA,legacy_exact_pair_screen,flash_or_mixed,agreement_weighted_score,0.1,15,1.5,7723608.390000001,0.1287458419418906,1.2874584194189058,0.2928571428571428,0.18095238095238098,True
D5_2024_NEBRASKA_IOWA,legacy_exact_pair_screen,flash_or_mixed,s30_water_fraction,0.15,15,2.25,7723608.390000001,0.2203545394926477,1.469030263284318,0.32499999999999996,0.2571428571428572,True
D5_2024_NEBRASKA_IOWA,legacy_exact_pair_screen,flash_or_mixed,l30_water_fraction,0.15,15,2.25,7723608.390000001,0.21986248030112776,1.4657498686741852,0.35357142857142854,0.29523809523809524,True
D5_2024_NEBRASKA_IOWA,legacy_exact_pair_screen,flash_or_mixed,consensus_rank,0.15,15,2.25,7723608.390000001,0.2203545394926477,1.469030263284318,0.36493797212992807,0.31732236176482354,True
D5_2024_NEBRASKA_IOWA,legacy_exact_pair_screen,flash_or_mixed,agreement_weighted_score,0.15,15,2.25,7723608.390000001,0.2203545394926477,1.469030263284318,0.2928571428571428,0.18095238095238098,True
D5_2024_NEBRASKA_IOWA,legacy_exact_pair_screen,flash_or_mixed,s30_water_fraction,0.2,15,3.0,7723608.390000001,0.2914451091169318,1.4572255455846588,0.32499999999999996,0.2571428571428572,True
D5_2024_NEBRASKA_IOWA,legacy_exact_pair_screen,flash_or_mixed,l30_water_fraction,0.2,15,3.0,7723608.390000001,0.28947687235085207,1.4473843617542603,0.35357142857142854,0.29523809523809524,True
D5_2024_NEBRASKA_IOWA,legacy_exact_pair_screen,flash_or_mixed,consensus_rank,0.2,15,3.0,7723608.390000001,0.2914451091169318,1.4572255455846588,0.36493797212992807,0.31732236176482354,True
D5_2024_NEBRASKA_IOWA,legacy_exact_pair_screen,flash_or_mixed,agreement_weighted_score,0.2,15,3.0,7723608.390000001,0.2914451091169318,1.4572255455846588,0.2928571428571428,0.18095238095238098,True
D5_2024_NEBRASKA_IOWA,legacy_exact_pair_screen,flash_or_mixed,s30_water_fraction,0.25,15,3.75,7723608.390000001,0.32051453511096517,1.2820581404438607,0.32499999999999996,0.2571428571428572,True
D5_2024_NEBRASKA_IOWA,legacy_exact_pair_screen,flash_or_mixed,l30_water_fraction,0.25,15,3.75,7723608.390000001,0.3605674419751362,1.4422697679005447,0.35357142857142854,0.29523809523809524,True
D5_2024_NEBRASKA_IOWA,legacy_exact_pair_screen,flash_or_mixed,consensus_rank,0.25,15,3.75,7723608.390000001,0.3407870181388106,1.3631480725552425,0.36493797212992807,0.31732236176482354,True
D5_2024_NEBRASKA_IOWA,legacy_exact_pair_screen,flash_or_mixed,agreement_weighted_score,0.25,15,3.75,7723608.390000001,0.29797337252102707,1.1918934900841083,0.2928571428571428,0.18095238095238098,True
D5_2024_NEBRASKA_IOWA,legacy_exact_pair_screen,flash_or_mixed,s30_water_fraction,0.3,15,4.5,7723608.390000001,0.33455651937837305,1.1151883979279102,0.32499999999999996,0.2571428571428572,True
D5_2024_NEBRASKA_IOWA,legacy_exact_pair_screen,flash_or_mixed,l30_water_fraction,0.3,15,4.5,7723608.390000001,0.4036439158459198,1.3454797194863994,0.35357142857142854,0.29523809523809524,True
D5_2024_NEBRASKA_IOWA,legacy_exact_pair_screen,flash_or_mixed,consensus_rank,0.3,15,4.5,7723608.390000001,0.3901289271606895,1.3004297572022983,0.36493797212992807,0.31732236176482354,True
D5_2024_NEBRASKA_IOWA,legacy_exact_pair_screen,flash_or_mixed,agreement_weighted_score,0.3,15,4.5,7723608.390000001,0.31952907765174765,1.0650969255058256,0.2928571428571428,0.18095238095238098,True
D5_2024_NEBRASKA_IOWA,legacy_exact_pair_screen,flash_or_mixed,s30_water_fraction,0.35,15,5.25,7723608.390000001,0.36211349233101137,1.034609978088604,0.32499999999999996,0.2571428571428572,True
D5_2024_NEBRASKA_IOWA,legacy_exact_pair_screen,flash_or_mixed,l30_water_fraction,0.35,15,5.25,7723608.390000001,0.4251996209766404,1.2148560599332583,0.35357142857142854,0.29523809523809524,True
D5_2024_NEBRASKA_IOWA,legacy_exact_pair_screen,flash_or_mixed,consensus_rank,0.35,15,5.25,7723608.390000001,0.4251996209766404,1.2148560599332583,0.36493797212992807,0.31732236176482354,True
D5_2024_NEBRASKA_IOWA,legacy_exact_pair_screen,flash_or_mixed,agreement_weighted_score,0.35,15,5.25,7723608.390000001,0.3661967893998831,1.0462765411425232,0.2928571428571428,0.18095238095238098,True
D5_2024_NEBRASKA_IOWA,legacy_exact_pair_screen,flash_or_mixed,s30_water_fraction,0.4,15,6.0,7723608.390000001,0.4317278843807356,1.0793197109518389,0.32499999999999996,0.2571428571428572,True
D5_2024_NEBRASKA_IOWA,legacy_exact_pair_screen,flash_or_mixed,l30_water_fraction,0.4,15,6.0,7723608.390000001,0.4317278843807356,1.0793197109518389,0.35357142857142854,0.29523809523809524,True
D5_2024_NEBRASKA_IOWA,legacy_exact_pair_screen,flash_or_mixed,consensus_rank,0.4,15,6.0,7723608.390000001,0.4317278843807356,1.0793197109518389,0.36493797212992807,0.31732236176482354,True
D5_2024_NEBRASKA_IOWA,legacy_exact_pair_screen,flash_or_mixed,agreement_weighted_score,0.4,15,6.0,7723608.390000001,0.4480610726562225,1.1201526816405563,0.2928571428571428,0.18095238095238098,True
D5_2024_NEBRASKA_IOWA,legacy_exact_pair_screen,flash_or_mixed,s30_water_fraction,0.45,15,6.75,7723608.390000001,0.525000919939184,1.1666687109759644,0.32499999999999996,0.2571428571428572,True
D5_2024_NEBRASKA_IOWA,legacy_exact_pair_screen,flash_or_mixed,l30_water_fraction,0.45,15,6.75,7723608.390000001,0.525000919939184,1.1666687109759644,0.35357142857142854,0.29523809523809524,True
D5_2024_NEBRASKA_IOWA,legacy_exact_pair_screen,flash_or_mixed,consensus_rank,0.45,15,6.75,7723608.390000001,0.525000919939184,1.1666687109759644,0.36493797212992807,0.31732236176482354,True
D5_2024_NEBRASKA_IOWA,legacy_exact_pair_screen,flash_or_mixed,agreement_weighted_score,0.45,15,6.75,7723608.390000001,0.5413341082146709,1.2029646849214908,0.2928571428571428,0.18095238095238098,True
D5_2024_NEBRASKA_IOWA,legacy_exact_pair_screen,flash_or_mixed,s30_water_fraction,0.5,15,7.5,7723608.390000001,0.5943386650653322,1.1886773301306643,0.32499999999999996,0.2571428571428572,True
D5_2024_NEBRASKA_IOWA,legacy_exact_pair_screen,flash_or_mixed,l30_water_fraction,0.5,15,7.5,7723608.390000001,0.6106681206295598,1.2213362412591195,0.35357142857142854,0.29523809523809524,True
D5_2024_NEBRASKA_IOWA,legacy_exact_pair_screen,flash_or_mixed,consensus_rank,0.5,15,7.5,7723608.390000001,0.6106681206295598,1.2213362412591195,0.36493797212992807,0.31732236176482354,True
D5_2024_NEBRASKA_IOWA,legacy_exact_pair_screen,flash_or_mixed,agreement_weighted_score,0.5,15,7.5,7723608.390000001,0.5784110203961286,1.1568220407922571,0.2928571428571428,0.18095238095238098,True
N2023_179508_MINNESOTA,blind_noaa_event_screen,fluvial,s30_water_fraction,0.05,4,0.2,71285.65,0.0846818398934428,1.693636797868856,1.0,1.0,True
N2023_179508_MINNESOTA,blind_noaa_event_screen,fluvial,l30_water_fraction,0.05,4,0.2,71285.65,0.0846818398934428,1.693636797868856,1.0,1.0,True
N2023_179508_MINNESOTA,blind_noaa_event_screen,fluvial,consensus_rank,0.05,4,0.2,71285.65,0.0846818398934428,1.693636797868856,1.0,1.0,True
N2023_179508_MINNESOTA,blind_noaa_event_screen,fluvial,agreement_weighted_score,0.05,4,0.2,71285.65,0.0846818398934428,1.693636797868856,1.0,1.0,True
N2023_179508_MINNESOTA,blind_noaa_event_screen,fluvial,s30_water_fraction,0.1,4,0.4,71285.65,0.1693636797868856,1.693636797868856,1.0,1.0,True
N2023_179508_MINNESOTA,blind_noaa_event_screen,fluvial,l30_water_fraction,0.1,4,0.4,71285.65,0.1693636797868856,1.693636797868856,1.0,1.0,True
N2023_179508_MINNESOTA,blind_noaa_event_screen,fluvial,consensus_rank,0.1,4,0.4,71285.65,0.1693636797868856,1.693636797868856,1.0,1.0,True
N2023_179508_MINNESOTA,blind_noaa_event_screen,fluvial,agreement_weighted_score,0.1,4,0.4,71285.65,0.1693636797868856,1.693636797868856,1.0,1.0,True
N2023_179508_MINNESOTA,blind_noaa_event_screen,fluvial,s30_water_fraction,0.15,4,0.6,71285.65,0.2540455196803284,1.693636797868856,1.0,1.0,True
N2023_179508_MINNESOTA,blind_noaa_event_screen,fluvial,l30_water_fraction,0.15,4,0.6,71285.65,0.2540455196803284,1.693636797868856,1.0,1.0,True
N2023_179508_MINNESOTA,blind_noaa_event_screen,fluvial,consensus_rank,0.15,4,0.6,71285.65,0.2540455196803284,1.693636797868856,1.0,1.0,True
N2023_179508_MINNESOTA,blind_noaa_event_screen,fluvial,agreement_weighted_score,0.15,4,0.6,71285.65,0.2540455196803284,1.693636797868856,1.0,1.0,True
N2023_179508_MINNESOTA,blind_noaa_event_screen,fluvial,s30_water_fraction,0.2,4,0.8,71285.65,0.3387273595737712,1.693636797868856,1.0,1.0,True
N2023_179508_MINNESOTA,blind_noaa_event_screen,fluvial,l30_water_fraction,0.2,4,0.8,71285.65,0.3387273595737712,1.693636797868856,1.0,1.0,True
N2023_179508_MINNESOTA,blind_noaa_event_screen,fluvial,consensus_rank,0.2,4,0.8,71285.65,0.3387273595737712,1.693636797868856,1.0,1.0,True
N2023_179508_MINNESOTA,blind_noaa_event_screen,fluvial,agreement_weighted_score,0.2,4,0.8,71285.65,0.3387273595737712,1.693636797868856,1.0,1.0,True
N2023_179508_MINNESOTA,blind_noaa_event_screen,fluvial,s30_water_fraction,0.25,4,1.0,71285.65,0.423409199467214,1.693636797868856,1.0,1.0,True
N2023_179508_MINNESOTA,blind_noaa_event_screen,fluvial,l30_water_fraction,0.25,4,1.0,71285.65,0.423409199467214,1.693636797868856,1.0,1.0,True
N2023_179508_MINNESOTA,blind_noaa_event_screen,fluvial,consensus_rank,0.25,4,1.0,71285.65,0.423409199467214,1.693636797868856,1.0,1.0,True
N2023_179508_MINNESOTA,blind_noaa_event_screen,fluvial,agreement_weighted_score,0.25,4,1.0,71285.65,0.423409199467214,1.693636797868856,1.0,1.0,True
N2023_179508_MINNESOTA,blind_noaa_event_screen,fluvial,s30_water_fraction,0.3,4,1.2,71285.65,0.47277397344346306,1.5759132448115436,1.0,1.0,True
N2023_179508_MINNESOTA,blind_noaa_event_screen,fluvial,l30_water_fraction,0.3,4,1.2,71285.65,0.47277397344346306,1.5759132448115436,1.0,1.0,True
N2023_179508_MINNESOTA,blind_noaa_event_screen,fluvial,consensus_rank,0.3,4,1.2,71285.65,0.47277397344346306,1.5759132448115436,1.0,1.0,True
N2023_179508_MINNESOTA,blind_noaa_event_screen,fluvial,agreement_weighted_score,0.3,4,1.2,71285.65,0.47277397344346306,1.5759132448115436,1.0,1.0,True
N2023_179508_MINNESOTA,blind_noaa_event_screen,fluvial,s30_water_fraction,0.35,4,1.4,71285.65,0.5221387474197121,1.491824992627749,1.0,1.0,True
N2023_179508_MINNESOTA,blind_noaa_event_screen,fluvial,l30_water_fraction,0.35,4,1.4,71285.65,0.5221387474197121,1.491824992627749,1.0,1.0,True
N2023_179508_MINNESOTA,blind_noaa_event_screen,fluvial,consensus_rank,0.35,4,1.4,71285.65,0.5221387474197121,1.491824992627749,1.0,1.0,True
N2023_179508_MINNESOTA,blind_noaa_event_screen,fluvial,agreement_weighted_score,0.35,4,1.4,71285.65,0.5221387474197121,1.491824992627749,1.0,1.0,True
N2023_179508_MINNESOTA,blind_noaa_event_screen,fluvial,s30_water_fraction,0.4,4,1.6,71285.65,0.5715035213959613,1.428758803489903,1.0,1.0,True
N2023_179508_MINNESOTA,blind_noaa_event_screen,fluvial,l30_water_fraction,0.4,4,1.6,71285.65,0.5715035213959613,1.428758803489903,1.0,1.0,True
N2023_179508_MINNESOTA,blind_noaa_event_screen,fluvial,consensus_rank,0.4,4,1.6,71285.65,0.5715035213959613,1.428758803489903,1.0,1.0,True
N2023_179508_MINNESOTA,blind_noaa_event_screen,fluvial,agreement_weighted_score,0.4,4,1.6,71285.65,0.5715035213959613,1.428758803489903,1.0,1.0,True
N2023_179508_MINNESOTA,blind_noaa_event_screen,fluvial,s30_water_fraction,0.45,4,1.8,71285.65,0.6208682953722103,1.3797073230493562,1.0,1.0,True
N2023_179508_MINNESOTA,blind_noaa_event_screen,fluvial,l30_water_fraction,0.45,4,1.8,71285.65,0.6208682953722103,1.3797073230493562,1.0,1.0,True
N2023_179508_MINNESOTA,blind_noaa_event_screen,fluvial,consensus_rank,0.45,4,1.8,71285.65,0.6208682953722103,1.3797073230493562,1.0,1.0,True
N2023_179508_MINNESOTA,blind_noaa_event_screen,fluvial,agreement_weighted_score,0.45,4,1.8,71285.65,0.6208682953722103,1.3797073230493562,1.0,1.0,True
N2023_179508_MINNESOTA,blind_noaa_event_screen,fluvial,s30_water_fraction,0.5,4,2.0,71285.65,0.6702330693484594,1.3404661386969188,1.0,1.0,True
N2023_179508_MINNESOTA,blind_noaa_event_screen,fluvial,l30_water_fraction,0.5,4,2.0,71285.65,0.6702330693484594,1.3404661386969188,1.0,1.0,True
N2023_179508_MINNESOTA,blind_noaa_event_screen,fluvial,consensus_rank,0.5,4,2.0,71285.65,0.6702330693484594,1.3404661386969188,1.0,1.0,True
N2023_179508_MINNESOTA,blind_noaa_event_screen,fluvial,agreement_weighted_score,0.5,4,2.0,71285.65,0.6702330693484594,1.3404661386969188,1.0,1.0,True
N2023_179829_WISCONSIN,blind_noaa_event_screen,fluvial,s30_water_fraction,0.05,3,0.15000000000000002,0.0,,,,,False
N2023_179829_WISCONSIN,blind_noaa_event_screen,fluvial,l30_water_fraction,0.05,3,0.15000000000000002,0.0,,,,,False
N2023_179829_WISCONSIN,blind_noaa_event_screen,fluvial,consensus_rank,0.05,3,0.15000000000000002,0.0,,,,,False
N2023_179829_WISCONSIN,blind_noaa_event_screen,fluvial,agreement_weighted_score,0.05,3,0.15000000000000002,0.0,,,,,False
N2023_179829_WISCONSIN,blind_noaa_event_screen,fluvial,s30_water_fraction,0.1,3,0.30000000000000004,0.0,,,,,False
N2023_179829_WISCONSIN,blind_noaa_event_screen,fluvial,l30_water_fraction,0.1,3,0.30000000000000004,0.0,,,,,False
N2023_179829_WISCONSIN,blind_noaa_event_screen,fluvial,consensus_rank,0.1,3,0.30000000000000004,0.0,,,,,False
N2023_179829_WISCONSIN,blind_noaa_event_screen,fluvial,agreement_weighted_score,0.1,3,0.30000000000000004,0.0,,,,,False
N2023_179829_WISCONSIN,blind_noaa_event_screen,fluvial,s30_water_fraction,0.15,3,0.44999999999999996,0.0,,,,,False
N2023_179829_WISCONSIN,blind_noaa_event_screen,fluvial,l30_water_fraction,0.15,3,0.44999999999999996,0.0,,,,,False
N2023_179829_WISCONSIN,blind_noaa_event_screen,fluvial,consensus_rank,0.15,3,0.44999999999999996,0.0,,,,,False
N2023_179829_WISCONSIN,blind_noaa_event_screen,fluvial,agreement_weighted_score,0.15,3,0.44999999999999996,0.0,,,,,False
N2023_179829_WISCONSIN,blind_noaa_event_screen,fluvial,s30_water_fraction,0.2,3,0.6000000000000001,0.0,,,,,False
N2023_179829_WISCONSIN,blind_noaa_event_screen,fluvial,l30_water_fraction,0.2,3,0.6000000000000001,0.0,,,,,False
N2023_179829_WISCONSIN,blind_noaa_event_screen,fluvial,consensus_rank,0.2,3,0.6000000000000001,0.0,,,,,False
N2023_179829_WISCONSIN,blind_noaa_event_screen,fluvial,agreement_weighted_score,0.2,3,0.6000000000000001,0.0,,,,,False
N2023_179829_WISCONSIN,blind_noaa_event_screen,fluvial,s30_water_fraction,0.25,3,0.75,0.0,,,,,False
N2023_179829_WISCONSIN,blind_noaa_event_screen,fluvial,l30_water_fraction,0.25,3,0.75,0.0,,,,,False
N2023_179829_WISCONSIN,blind_noaa_event_screen,fluvial,consensus_rank,0.25,3,0.75,0.0,,,,,False
N2023_179829_WISCONSIN,blind_noaa_event_screen,fluvial,agreement_weighted_score,0.25,3,0.75,0.0,,,,,False
N2023_179829_WISCONSIN,blind_noaa_event_screen,fluvial,s30_water_fraction,0.3,3,0.8999999999999999,0.0,,,,,False
N2023_179829_WISCONSIN,blind_noaa_event_screen,fluvial,l30_water_fraction,0.3,3,0.8999999999999999,0.0,,,,,False
N2023_179829_WISCONSIN,blind_noaa_event_screen,fluvial,consensus_rank,0.3,3,0.8999999999999999,0.0,,,,,False
N2023_179829_WISCONSIN,blind_noaa_event_screen,fluvial,agreement_weighted_score,0.3,3,0.8999999999999999,0.0,,,,,False
N2023_179829_WISCONSIN,blind_noaa_event_screen,fluvial,s30_water_fraction,0.35,3,1.0499999999999998,0.0,,,,,False
N2023_179829_WISCONSIN,blind_noaa_event_screen,fluvial,l30_water_fraction,0.35,3,1.0499999999999998,0.0,,,,,False
N2023_179829_WISCONSIN,blind_noaa_event_screen,fluvial,consensus_rank,0.35,3,1.0499999999999998,0.0,,,,,False
N2023_179829_WISCONSIN,blind_noaa_event_screen,fluvial,agreement_weighted_score,0.35,3,1.0499999999999998,0.0,,,,,False
N2023_179829_WISCONSIN,blind_noaa_event_screen,fluvial,s30_water_fraction,0.4,3,1.2000000000000002,0.0,,,,,False
N2023_179829_WISCONSIN,blind_noaa_event_screen,fluvial,l30_water_fraction,0.4,3,1.2000000000000002,0.0,,,,,False
N2023_179829_WISCONSIN,blind_noaa_event_screen,fluvial,consensus_rank,0.4,3,1.2000000000000002,0.0,,,,,False
N2023_179829_WISCONSIN,blind_noaa_event_screen,fluvial,agreement_weighted_score,0.4,3,1.2000000000000002,0.0,,,,,False
N2023_179829_WISCONSIN,blind_noaa_event_screen,fluvial,s30_water_fraction,0.45,3,1.35,0.0,,,,,False
N2023_179829_WISCONSIN,blind_noaa_event_screen,fluvial,l30_water_fraction,0.45,3,1.35,0.0,,,,,False
N2023_179829_WISCONSIN,blind_noaa_event_screen,fluvial,consensus_rank,0.45,3,1.35,0.0,,,,,False
N2023_179829_WISCONSIN,blind_noaa_event_screen,fluvial,agreement_weighted_score,0.45,3,1.35,0.0,,,,,False
N2023_179829_WISCONSIN,blind_noaa_event_screen,fluvial,s30_water_fraction,0.5,3,1.5,0.0,,,,,False
N2023_179829_WISCONSIN,blind_noaa_event_screen,fluvial,l30_water_fraction,0.5,3,1.5,0.0,,,,,False
N2023_179829_WISCONSIN,blind_noaa_event_screen,fluvial,consensus_rank,0.5,3,1.5,0.0,,,,,False
N2023_179829_WISCONSIN,blind_noaa_event_screen,fluvial,agreement_weighted_score,0.5,3,1.5,0.0,,,,,False
N2023_180114_SOUTHDAKOTA,blind_noaa_event_screen,fluvial,s30_water_fraction,0.05,6,0.30000000000000004,7912192.12,0.007885387393753024,0.15770774787506048,0.028571428571428574,0.06666666666666665,True
N2023_180114_SOUTHDAKOTA,blind_noaa_event_screen,fluvial,l30_water_fraction,0.05,6,0.30000000000000004,7912192.12,0.007885387393753024,0.15770774787506048,-0.14285714285714288,-0.06666666666666665,True
N2023_180114_SOUTHDAKOTA,blind_noaa_event_screen,fluvial,consensus_rank,0.05,6,0.30000000000000004,7912192.12,0.007885387393753024,0.15770774787506048,-0.05797710356524484,0.0,True
N2023_180114_SOUTHDAKOTA,blind_noaa_event_screen,fluvial,agreement_weighted_score,0.05,6,0.30000000000000004,7912192.12,0.20152523217547957,4.030504643509591,0.2571428571428572,0.2,True
N2023_180114_SOUTHDAKOTA,blind_noaa_event_screen,fluvial,s30_water_fraction,0.1,6,0.6000000000000001,7912192.12,0.015770774787506048,0.15770774787506048,0.028571428571428574,0.06666666666666665,True
N2023_180114_SOUTHDAKOTA,blind_noaa_event_screen,fluvial,l30_water_fraction,0.1,6,0.6000000000000001,7912192.12,0.015770774787506048,0.15770774787506048,-0.14285714285714288,-0.06666666666666665,True
N2023_180114_SOUTHDAKOTA,blind_noaa_event_screen,fluvial,consensus_rank,0.1,6,0.6000000000000001,7912192.12,0.015770774787506048,0.15770774787506048,-0.05797710356524484,0.0,True
N2023_180114_SOUTHDAKOTA,blind_noaa_event_screen,fluvial,agreement_weighted_score,0.1,6,0.6000000000000001,7912192.12,0.40305046435095915,4.030504643509591,0.2571428571428572,0.2,True
N2023_180114_SOUTHDAKOTA,blind_noaa_event_screen,fluvial,s30_water_fraction,0.15,6,0.8999999999999999,7912192.12,0.023656162181259065,0.15770774787506045,0.028571428571428574,0.06666666666666665,True
N2023_180114_SOUTHDAKOTA,blind_noaa_event_screen,fluvial,l30_water_fraction,0.15,6,0.8999999999999999,7912192.12,0.023656162181259065,0.15770774787506045,-0.14285714285714288,-0.06666666666666665,True
N2023_180114_SOUTHDAKOTA,blind_noaa_event_screen,fluvial,consensus_rank,0.15,6,0.8999999999999999,7912192.12,0.023656162181259065,0.15770774787506045,-0.05797710356524484,0.0,True
N2023_180114_SOUTHDAKOTA,blind_noaa_event_screen,fluvial,agreement_weighted_score,0.15,6,0.8999999999999999,7912192.12,0.6045756965264386,4.030504643509591,0.2571428571428572,0.2,True
N2023_180114_SOUTHDAKOTA,blind_noaa_event_screen,fluvial,s30_water_fraction,0.2,6,1.2000000000000002,7912192.12,0.16063477942949658,0.8031738971474829,0.028571428571428574,0.06666666666666665,True
N2023_180114_SOUTHDAKOTA,blind_noaa_event_screen,fluvial,l30_water_fraction,0.2,6,1.2000000000000002,7912192.12,0.16063477942949658,0.8031738971474829,-0.14285714285714288,-0.06666666666666665,True
N2023_180114_SOUTHDAKOTA,blind_noaa_event_screen,fluvial,consensus_rank,0.2,6,1.2000000000000002,7912192.12,0.16063477942949658,0.8031738971474829,-0.05797710356524484,0.0,True
N2023_180114_SOUTHDAKOTA,blind_noaa_event_screen,fluvial,agreement_weighted_score,0.2,6,1.2000000000000002,7912192.12,0.6770076988474338,3.385038494237169,0.2571428571428572,0.2,True
N2023_180114_SOUTHDAKOTA,blind_noaa_event_screen,fluvial,s30_water_fraction,0.25,6,1.5,7912192.12,0.362160011604976,1.448640046419904,0.028571428571428574,0.06666666666666665,True
N2023_180114_SOUTHDAKOTA,blind_noaa_event_screen,fluvial,l30_water_fraction,0.25,6,1.5,7912192.12,0.362160011604976,1.448640046419904,-0.14285714285714288,-0.06666666666666665,True
N2023_180114_SOUTHDAKOTA,blind_noaa_event_screen,fluvial,consensus_rank,0.25,6,1.5,7912192.12,0.362160011604976,1.448640046419904,-0.05797710356524484,0.0,True
N2023_180114_SOUTHDAKOTA,blind_noaa_event_screen,fluvial,agreement_weighted_score,0.25,6,1.5,7912192.12,0.6848930862411869,2.7395723449647478,0.2571428571428572,0.2,True
N2023_180114_SOUTHDAKOTA,blind_noaa_event_screen,fluvial,s30_water_fraction,0.3,6,1.7999999999999998,7912192.12,0.5636852437804555,1.8789508126015184,0.028571428571428574,0.06666666666666665,True
N2023_180114_SOUTHDAKOTA,blind_noaa_event_screen,fluvial,l30_water_fraction,0.3,6,1.7999999999999998,7912192.12,0.5636852437804555,1.8789508126015184,-0.14285714285714288,-0.06666666666666665,True
N2023_180114_SOUTHDAKOTA,blind_noaa_event_screen,fluvial,consensus_rank,0.3,6,1.7999999999999998,7912192.12,0.5636852437804555,1.8789508126015184,-0.05797710356524484,0.0,True
N2023_180114_SOUTHDAKOTA,blind_noaa_event_screen,fluvial,agreement_weighted_score,0.3,6,1.7999999999999998,7912192.12,0.6927784736349399,2.309261578783133,0.2571428571428572,0.2,True
N2023_180114_SOUTHDAKOTA,blind_noaa_event_screen,fluvial,s30_water_fraction,0.35,6,2.0999999999999996,7912192.12,0.7051039726269943,2.0145827789342694,0.028571428571428574,0.06666666666666665,True
N2023_180114_SOUTHDAKOTA,blind_noaa_event_screen,fluvial,l30_water_fraction,0.35,6,2.0999999999999996,7912192.12,0.6985114402151296,1.9957469720432275,-0.14285714285714288,-0.06666666666666665,True
N2023_180114_SOUTHDAKOTA,blind_noaa_event_screen,fluvial,consensus_rank,0.35,6,2.0999999999999996,7912192.12,0.7018077064210618,2.0051648754887483,-0.05797710356524484,0.0,True
N2023_180114_SOUTHDAKOTA,blind_noaa_event_screen,fluvial,agreement_weighted_score,0.35,6,2.0999999999999996,7912192.12,0.7051039726269943,2.0145827789342694,0.2571428571428572,0.2,True
N2023_180114_SOUTHDAKOTA,blind_noaa_event_screen,fluvial,s30_water_fraction,0.4,6,2.4000000000000004,7912192.12,0.7263096948156511,1.8157742370391277,0.028571428571428574,0.06666666666666665,True
N2023_180114_SOUTHDAKOTA,blind_noaa_event_screen,fluvial,l30_water_fraction,0.4,6,2.4000000000000004,7912192.12,0.6999395651681926,1.7498489129204813,-0.14285714285714288,-0.06666666666666665,True
N2023_180114_SOUTHDAKOTA,blind_noaa_event_screen,fluvial,consensus_rank,0.4,6,2.4000000000000004,7912192.12,0.7131246299919218,1.7828115749798046,-0.05797710356524484,0.0,True
N2023_180114_SOUTHDAKOTA,blind_noaa_event_screen,fluvial,agreement_weighted_score,0.4,6,2.4000000000000004,7912192.12,0.7263096948156511,1.8157742370391277,0.2571428571428572,0.2,True
N2023_180114_SOUTHDAKOTA,blind_noaa_event_screen,fluvial,s30_water_fraction,0.45,6,2.7,7912192.12,0.747515417004308,1.6611453711206845,0.028571428571428574,0.06666666666666665,True
N2023_180114_SOUTHDAKOTA,blind_noaa_event_screen,fluvial,l30_water_fraction,0.45,6,2.7,7912192.12,0.7013676901212554,1.5585948669361231,-0.14285714285714288,-0.06666666666666665,True
N2023_180114_SOUTHDAKOTA,blind_noaa_event_screen,fluvial,consensus_rank,0.45,6,2.7,7912192.12,0.7244415535627817,1.6098701190284037,-0.05797710356524484,0.0,True
N2023_180114_SOUTHDAKOTA,blind_noaa_event_screen,fluvial,agreement_weighted_score,0.45,6,2.7,7912192.12,0.747515417004308,1.6611453711206845,0.2571428571428572,0.2,True
N2023_180114_SOUTHDAKOTA,blind_noaa_event_screen,fluvial,s30_water_fraction,0.5,6,3.0,7912192.12,0.7687211391929649,1.5374422783859298,0.028571428571428574,0.06666666666666665,True
N2023_180114_SOUTHDAKOTA,blind_noaa_event_screen,fluvial,l30_water_fraction,0.5,6,3.0,7912192.12,0.7027958150743184,1.4055916301486369,-0.14285714285714288,-0.06666666666666665,True
N2023_180114_SOUTHDAKOTA,blind_noaa_event_screen,fluvial,consensus_rank,0.5,6,3.0,7912192.12,0.7357584771336416,1.4715169542672832,-0.05797710356524484,0.0,True
N2023_180114_SOUTHDAKOTA,blind_noaa_event_screen,fluvial,agreement_weighted_score,0.5,6,3.0,7912192.12,0.7687211391929649,1.5374422783859298,0.2571428571428572,0.2,True
N2024_191762_IOWA,blind_noaa_event_screen,flash_or_mixed,s30_water_fraction,0.05,10,0.5,6561635.3,0.07355369476264553,1.4710738952529105,0.35757575757575755,0.24444444444444444,True
N2024_191762_IOWA,blind_noaa_event_screen,flash_or_mixed,l30_water_fraction,0.05,10,0.5,6561635.3,0.010284440831388481,0.2056888166277696,0.3696969696969697,0.24444444444444444,True
N2024_191762_IOWA,blind_noaa_event_screen,flash_or_mixed,consensus_rank,0.05,10,0.5,6561635.3,0.041919067797017005,0.83838135594034,0.36586045999146244,0.2500645911391736,True
N2024_191762_IOWA,blind_noaa_event_screen,flash_or_mixed,agreement_weighted_score,0.05,10,0.5,6561635.3,0.07355369476264553,1.4710738952529105,0.41818181818181815,0.28888888888888886,True
N2024_191762_IOWA,blind_noaa_event_screen,flash_or_mixed,s30_water_fraction,0.1,10,1.0,6561635.3,0.14710738952529107,1.4710738952529105,0.35757575757575755,0.24444444444444444,True
N2024_191762_IOWA,blind_noaa_event_screen,flash_or_mixed,l30_water_fraction,0.1,10,1.0,6561635.3,0.020568881662776962,0.2056888166277696,0.3696969696969697,0.24444444444444444,True
N2024_191762_IOWA,blind_noaa_event_screen,flash_or_mixed,consensus_rank,0.1,10,1.0,6561635.3,0.08383813559403401,0.83838135594034,0.36586045999146244,0.2500645911391736,True
N2024_191762_IOWA,blind_noaa_event_screen,flash_or_mixed,agreement_weighted_score,0.1,10,1.0,6561635.3,0.14710738952529107,1.4710738952529105,0.41818181818181815,0.28888888888888886,True
N2024_191762_IOWA,blind_noaa_event_screen,flash_or_mixed,s30_water_fraction,0.15,10,1.5,6561635.3,0.15739183035667953,1.0492788690445303,0.35757575757575755,0.24444444444444444,True
N2024_191762_IOWA,blind_noaa_event_screen,flash_or_mixed,l30_water_fraction,0.15,10,1.5,6561635.3,0.09412257642542249,0.62748384283615,0.3696969696969697,0.24444444444444444,True
N2024_191762_IOWA,blind_noaa_event_screen,flash_or_mixed,consensus_rank,0.15,10,1.5,6561635.3,0.125757203391051,0.8383813559403401,0.36586045999146244,0.2500645911391736,True
N2024_191762_IOWA,blind_noaa_event_screen,flash_or_mixed,agreement_weighted_score,0.15,10,1.5,6561635.3,0.15739183035667953,1.0492788690445303,0.41818181818181815,0.28888888888888886,True
N2024_191762_IOWA,blind_noaa_event_screen,flash_or_mixed,s30_water_fraction,0.2,10,2.0,6561635.3,0.16767627118806802,0.83838135594034,0.35757575757575755,0.24444444444444444,True
N2024_191762_IOWA,blind_noaa_event_screen,flash_or_mixed,l30_water_fraction,0.2,10,2.0,6561635.3,0.16767627118806802,0.83838135594034,0.3696969696969697,0.24444444444444444,True
N2024_191762_IOWA,blind_noaa_event_screen,flash_or_mixed,consensus_rank,0.2,10,2.0,6561635.3,0.16767627118806802,0.83838135594034,0.36586045999146244,0.2500645911391736,True
N2024_191762_IOWA,blind_noaa_event_screen,flash_or_mixed,agreement_weighted_score,0.2,10,2.0,6561635.3,0.16767627118806802,0.83838135594034,0.41818181818181815,0.28888888888888886,True
N2024_191762_IOWA,blind_noaa_event_screen,flash_or_mixed,s30_water_fraction,0.25,10,2.5,6561635.3,0.2691057121080777,1.0764228484323108,0.35757575757575755,0.24444444444444444,True
N2024_191762_IOWA,blind_noaa_event_screen,flash_or_mixed,l30_water_fraction,0.25,10,2.5,6561635.3,0.2691057121080777,1.0764228484323108,0.3696969696969697,0.24444444444444444,True
N2024_191762_IOWA,blind_noaa_event_screen,flash_or_mixed,consensus_rank,0.25,10,2.5,6561635.3,0.2691057121080777,1.0764228484323108,0.36586045999146244,0.2500645911391736,True
N2024_191762_IOWA,blind_noaa_event_screen,flash_or_mixed,agreement_weighted_score,0.25,10,2.5,6561635.3,0.2691057121080777,1.0764228484323108,0.41818181818181815,0.28888888888888886,True
N2024_191762_IOWA,blind_noaa_event_screen,flash_or_mixed,s30_water_fraction,0.3,10,3.0,6561635.3,0.37053515302808737,1.2351171767602913,0.35757575757575755,0.24444444444444444,True
N2024_191762_IOWA,blind_noaa_event_screen,flash_or_mixed,l30_water_fraction,0.3,10,3.0,6561635.3,0.37053515302808737,1.2351171767602913,0.3696969696969697,0.24444444444444444,True
N2024_191762_IOWA,blind_noaa_event_screen,flash_or_mixed,consensus_rank,0.3,10,3.0,6561635.3,0.37053515302808737,1.2351171767602913,0.36586045999146244,0.2500645911391736,True
N2024_191762_IOWA,blind_noaa_event_screen,flash_or_mixed,agreement_weighted_score,0.3,10,3.0,6561635.3,0.37053515302808737,1.2351171767602913,0.41818181818181815,0.28888888888888886,True
N2024_191762_IOWA,blind_noaa_event_screen,flash_or_mixed,s30_water_fraction,0.35,10,3.5,6561635.3,0.397324069504442,1.1352116271555486,0.35757575757575755,0.24444444444444444,True
N2024_191762_IOWA,blind_noaa_event_screen,flash_or_mixed,l30_water_fraction,0.35,10,3.5,6561635.3,0.48523440338112056,1.3863840096603446,0.3696969696969697,0.24444444444444444,True
N2024_191762_IOWA,blind_noaa_event_screen,flash_or_mixed,consensus_rank,0.35,10,3.5,6561635.3,0.4412792364427813,1.2607978184079467,0.36586045999146244,0.2500645911391736,True
N2024_191762_IOWA,blind_noaa_event_screen,flash_or_mixed,agreement_weighted_score,0.35,10,3.5,6561635.3,0.48523440338112056,1.3863840096603446,0.41818181818181815,0.28888888888888886,True
N2024_191762_IOWA,blind_noaa_event_screen,flash_or_mixed,s30_water_fraction,0.4,10,4.0,6561635.3,0.4241129859807966,1.0602824649519915,0.35757575757575755,0.24444444444444444,True
N2024_191762_IOWA,blind_noaa_event_screen,flash_or_mixed,l30_water_fraction,0.4,10,4.0,6561635.3,0.5999336537341537,1.4998341343353843,0.3696969696969697,0.24444444444444444,True
N2024_191762_IOWA,blind_noaa_event_screen,flash_or_mixed,consensus_rank,0.4,10,4.0,6561635.3,0.5120233198574752,1.2800582996436878,0.36586045999146244,0.2500645911391736,True
N2024_191762_IOWA,blind_noaa_event_screen,flash_or_mixed,agreement_weighted_score,0.4,10,4.0,6561635.3,0.5999336537341537,1.4998341343353843,0.41818181818181815,0.28888888888888886,True
N2024_191762_IOWA,blind_noaa_event_screen,flash_or_mixed,s30_water_fraction,0.45,10,4.5,6561635.3,0.5388122363338298,1.1973605251862884,0.35757575757575755,0.24444444444444444,True
N2024_191762_IOWA,blind_noaa_event_screen,flash_or_mixed,l30_water_fraction,0.45,10,4.5,6561635.3,0.6267225702105084,1.3927168226900186,0.3696969696969697,0.24444444444444444,True
N2024_191762_IOWA,blind_noaa_event_screen,flash_or_mixed,consensus_rank,0.45,10,4.5,6561635.3,0.582767403272169,1.2950386739381534,0.36586045999146244,0.2500645911391736,True
N2024_191762_IOWA,blind_noaa_event_screen,flash_or_mixed,agreement_weighted_score,0.45,10,4.5,6561635.3,0.6267225702105084,1.3927168226900186,0.41818181818181815,0.28888888888888886,True
N2024_191762_IOWA,blind_noaa_event_screen,flash_or_mixed,s30_water_fraction,0.5,10,5.0,6561635.3,0.653511486686863,1.307022973373726,0.35757575757575755,0.24444444444444444,True
N2024_191762_IOWA,blind_noaa_event_screen,flash_or_mixed,l30_water_fraction,0.5,10,5.0,6561635.3,0.653511486686863,1.307022973373726,0.3696969696969697,0.24444444444444444,True
N2024_191762_IOWA,blind_noaa_event_screen,flash_or_mixed,consensus_rank,0.5,10,5.0,6561635.3,0.653511486686863,1.307022973373726,0.36586045999146244,0.2500645911391736,True
N2024_191762_IOWA,blind_noaa_event_screen,flash_or_mixed,agreement_weighted_score,0.5,10,5.0,6561635.3,0.653511486686863,1.307022973373726,0.41818181818181815,0.28888888888888886,True
N2025_202615_MISSOURI,blind_noaa_event_screen,flash_or_mixed,s30_water_fraction,0.05,14,0.7000000000000001,763892.5,0.0,0.0,0.47544664152589544,0.4059618413802811,True
N2025_202615_MISSOURI,blind_noaa_event_screen,flash_or_mixed,l30_water_fraction,0.05,14,0.7000000000000001,763892.5,0.0,0.0,0.5474526769480053,0.48432210483785254,True
N2025_202615_MISSOURI,blind_noaa_event_screen,flash_or_mixed,consensus_rank,0.05,14,0.7000000000000001,763892.5,0.0,0.0,0.5427735942390479,0.48432210483785254,True
N2025_202615_MISSOURI,blind_noaa_event_screen,flash_or_mixed,agreement_weighted_score,0.05,14,0.7000000000000001,763892.5,0.19043045978328105,3.8086091956656207,0.7780175924512662,0.6442354241315424,True
N2025_202615_MISSOURI,blind_noaa_event_screen,flash_or_mixed,s30_water_fraction,0.1,14,1.4000000000000001,763892.5,0.10881740559044634,1.0881740559044633,0.47544664152589544,0.4059618413802811,True
N2025_202615_MISSOURI,blind_noaa_event_screen,flash_or_mixed,l30_water_fraction,0.1,14,1.4000000000000001,763892.5,0.10881740559044634,1.0881740559044633,0.5474526769480053,0.48432210483785254,True
N2025_202615_MISSOURI,blind_noaa_event_screen,flash_or_mixed,consensus_rank,0.1,14,1.4000000000000001,763892.5,0.10881740559044634,1.0881740559044633,0.5427735942390479,0.48432210483785254,True
N2025_202615_MISSOURI,blind_noaa_event_screen,flash_or_mixed,agreement_weighted_score,0.1,14,1.4000000000000001,763892.5,0.3814663974315758,3.8146639743157578,0.7780175924512662,0.6442354241315424,True
N2025_202615_MISSOURI,blind_noaa_event_screen,flash_or_mixed,s30_water_fraction,0.15,14,2.1,763892.5,0.29939923483998077,1.9959948989332053,0.47544664152589544,0.4059618413802811,True
N2025_202615_MISSOURI,blind_noaa_event_screen,flash_or_mixed,l30_water_fraction,0.15,14,2.1,763892.5,0.2862157437073934,1.9081049580492893,0.5474526769480053,0.48432210483785254,True
N2025_202615_MISSOURI,blind_noaa_event_screen,flash_or_mixed,consensus_rank,0.15,14,2.1,763892.5,0.29939923483998077,1.9959948989332053,0.5427735942390479,0.48432210483785254,True
N2025_202615_MISSOURI,blind_noaa_event_screen,flash_or_mixed,agreement_weighted_score,0.15,14,2.1,763892.5,0.548652068190223,3.657680454601487,0.7780175924512662,0.6442354241315424,True
N2025_202615_MISSOURI,blind_noaa_event_screen,flash_or_mixed,s30_water_fraction,0.2,14,2.8000000000000003,763892.5,0.4908892808870358,2.454446404435179,0.47544664152589544,0.4059618413802811,True
N2025_202615_MISSOURI,blind_noaa_event_screen,flash_or_mixed,l30_water_fraction,0.2,14,2.8000000000000003,763892.5,0.38542135182633686,1.9271067591316842,0.5474526769480053,0.48432210483785254,True
N2025_202615_MISSOURI,blind_noaa_event_screen,flash_or_mixed,consensus_rank,0.2,14,2.8000000000000003,763892.5,0.4908892808870358,2.454446404435179,0.5427735942390479,0.48432210483785254,True
N2025_202615_MISSOURI,blind_noaa_event_screen,flash_or_mixed,agreement_weighted_score,0.2,14,2.8000000000000003,763892.5,0.5700114872184241,2.8500574360921203,0.7780175924512662,0.6442354241315424,True
N2025_202615_MISSOURI,blind_noaa_event_screen,flash_or_mixed,s30_water_fraction,0.25,14,3.5,763892.5,0.5608574504920522,2.2434298019682086,0.47544664152589544,0.4059618413802811,True
N2025_202615_MISSOURI,blind_noaa_event_screen,flash_or_mixed,l30_water_fraction,0.25,14,3.5,763892.5,0.5505444156082171,2.2021776624328684,0.5474526769480053,0.48432210483785254,True
N2025_202615_MISSOURI,blind_noaa_event_screen,flash_or_mixed,consensus_rank,0.25,14,3.5,763892.5,0.6164618712711539,2.4658474850846157,0.5427735942390479,0.48432210483785254,True
N2025_202615_MISSOURI,blind_noaa_event_screen,flash_or_mixed,agreement_weighted_score,0.25,14,3.5,763892.5,0.6469753270257268,2.587901308102907,0.7780175924512662,0.6442354241315424,True
N2025_202615_MISSOURI,blind_noaa_event_screen,flash_or_mixed,s30_water_fraction,0.3,14,4.2,763892.5,0.6044586378318939,2.0148621261063133,0.47544664152589544,0.4059618413802811,True
N2025_202615_MISSOURI,blind_noaa_event_screen,flash_or_mixed,l30_water_fraction,0.3,14,4.2,763892.5,0.7206968257968235,2.402322752656078,0.5474526769480053,0.48432210483785254,True
N2025_202615_MISSOURI,blind_noaa_event_screen,flash_or_mixed,consensus_rank,0.3,14,4.2,763892.5,0.6934257110784566,2.311419036928189,0.5427735942390479,0.48432210483785254,True
N2025_202615_MISSOURI,blind_noaa_event_screen,flash_or_mixed,agreement_weighted_score,0.3,14,4.2,763892.5,0.7512102815513964,2.504034271837988,0.7780175924512662,0.6442354241315424,True
N2025_202615_MISSOURI,blind_noaa_event_screen,flash_or_mixed,s30_water_fraction,0.35,14,4.8999999999999995,763892.5,0.7036642459508373,2.0104692741452497,0.47544664152589544,0.4059618413802811,True
N2025_202615_MISSOURI,blind_noaa_event_screen,flash_or_mixed,l30_water_fraction,0.35,14,4.8999999999999995,763892.5,0.8375051463393081,2.3928718466837373,0.5474526769480053,0.48432210483785254,True
N2025_202615_MISSOURI,blind_noaa_event_screen,flash_or_mixed,consensus_rank,0.35,14,4.8999999999999995,763892.5,0.7147851301066577,2.0422432288761647,0.5427735942390479,0.48432210483785254,True
N2025_202615_MISSOURI,blind_noaa_event_screen,flash_or_mixed,agreement_weighted_score,0.35,14,4.8999999999999995,763892.5,0.8680186020938809,2.48005314883966,0.7780175924512662,0.6442354241315424,True
N2025_202615_MISSOURI,blind_noaa_event_screen,flash_or_mixed,s30_water_fraction,0.4,14,5.6000000000000005,763892.5,0.817957893289959,2.0448947332248975,0.47544664152589544,0.4059618413802811,True
N2025_202615_MISSOURI,blind_noaa_event_screen,flash_or_mixed,l30_water_fraction,0.4,14,5.6000000000000005,763892.5,0.8725001227266925,2.181250306816731,0.5474526769480053,0.48432210483785254,True
N2025_202615_MISSOURI,blind_noaa_event_screen,flash_or_mixed,consensus_rank,0.4,14,5.6000000000000005,763892.5,0.817957893289959,2.0448947332248975,0.5427735942390479,0.48432210483785254,True
N2025_202615_MISSOURI,blind_noaa_event_screen,flash_or_mixed,agreement_weighted_score,0.4,14,5.599999999999999,763892.5,0.8923918046932868,2.2309795117332167,0.7780175924512662,0.6442354241315424,True
N2025_202615_MISSOURI,blind_noaa_event_screen,flash_or_mixed,s30_water_fraction,0.45,14,6.299999999999999,763892.5,0.8890290485899522,1.9756201079776716,0.47544664152589544,0.4059618413802811,True
N2025_202615_MISSOURI,blind_noaa_event_screen,flash_or_mixed,l30_water_fraction,0.45,14,6.3,763892.5,0.8979409799153677,1.995424399811928,0.5474526769480053,0.48432210483785254,True
N2025_202615_MISSOURI,blind_noaa_event_screen,flash_or_mixed,consensus_rank,0.45,14,6.3,763892.5,0.8979409799153677,1.995424399811928,0.5427735942390479,0.48432210483785254,True
N2025_202615_MISSOURI,blind_noaa_event_screen,flash_or_mixed,agreement_weighted_score,0.45,14,6.300000000000002,763892.5,0.9013591543021796,2.0030203428937323,0.7780175924512662,0.6442354241315424,True
N2025_202615_MISSOURI,blind_noaa_event_screen,flash_or_mixed,s30_water_fraction,0.5,14,7.0,763892.5,0.8991173168999564,1.7982346337999129,0.47544664152589544,0.4059618413802811,True
N2025_202615_MISSOURI,blind_noaa_event_screen,flash_or_mixed,l30_water_fraction,0.5,14,7.0,763892.5,0.9288237546513416,1.8576475093026832,0.5474526769480053,0.48432210483785254,True
N2025_202615_MISSOURI,blind_noaa_event_screen,flash_or_mixed,consensus_rank,0.5,14,7.0,763892.5,0.9288237546513416,1.8576475093026832,0.5427735942390479,0.48432210483785254,True
N2025_202615_MISSOURI,blind_noaa_event_screen,flash_or_mixed,agreement_weighted_score,0.5,14,7.000000000000001,763892.5,0.9103265039110722,1.8206530078221443,0.7780175924512662,0.6442354241315424,True
