path,bytes,sha256,origin
data/ancillary/census_counties_2025/counties_2025_semigeneral.geojson,18724993,8ecc920ee3d9366dc13d6f6e566463b6249f017e913aedd0a5bd00fc6ddd4d43,verified
data/upstream/revision/results/analysis/opera_dswx_multiscale_v1/historical_hls_sar_per_event_metrics.csv,23867,d90484a5bd7f4c3c768b01795df3f4a6b02a75f75468d8c76336db7e1b22bd93,verified
data/upstream/revision/results/analysis/opera_dswx_multiscale_v1/historical_hls_sar_summary.csv,10885,355a0084961d5ec90c3681b1fd4ac0135bd2019f1bd6c50b033030e12c81324d,verified
data/upstream/revision/results/analysis/operational_validation/operational_unit_scores.parquet,57066,484eedf9dc9082b2780a7017c10082fee03be6040d941a6e65e9560c6ac4f79f,verified
data/upstream/revision/results/primary_external_event_county_outcomes.csv,85090,cd5f9edd4e4cd248f9212f5fdb9e8763b90311ab63551916536017ea8d3f661d,verified
data/upstream/revision/results/analysis/hls_indices/product_sensitivity/product_budget_curves.csv,179903,beba4c43ec5954a6b9ede1f4ab6de3336c90bc98443069fa767ae3c266cda41b,verified
data/upstream/revision/results/analysis/hls_indices/product_sensitivity/product_macro_curves.csv,4908,5f3ae94b69adca2717f5da567469a9872ccf2326fc20795c99032d160d875031,verified
data/upstream/revision/results/analysis/opera_dswx_mechanisms_v1/spatial_mechanisms_summary.csv,3759,c7a98c4e95166b1cdfc90df2232f6de880ade2e0f4cd71941ef21af15c204d52,verified
data/upstream/revision/results/analysis/blind_common_support/cells/NB_N2023_179508_MINNESOTA_20230412T171901_20230412T170445_500m_cells.parquet,773010,d868622110a2edbbeeb1b0b3d2c9d93d91fa164267fb141857f11d6cf224400b,verified
data/upstream/revision/results/analysis/blind_common_support/cells/NB_N2023_179829_WISCONSIN_20230414T170849_20230414T165136_500m_cells.parquet,44628,9ad7ac7dd0619d8ab174a93fcf1fc37068b553a69a689cb34af75788925bdc10,verified
data/upstream/revision/results/analysis/blind_common_support/cells/NB_N2023_180114_SOUTHDAKOTA_20230410T172859_20230410T171707_500m_cells.parquet,707816,0e9318d76f1cbf9c0cd64d31c2f52699817c755780b3e8c3cd55906bfa490e3d,verified
data/upstream/revision/results/analysis/blind_common_support/cells/NB_N2024_191762_IOWA_20240525T165849_20240525T165828_500m_cells.parquet,709463,30b86df45fb7031291cee0241588cf0305fced156123e1a2b6dd6c96e7c65d2c,verified
data/upstream/revision/results/analysis/blind_common_support/cells/NB_N2025_202615_MISSOURI_20250530T165849_20250530T164807_500m_cells.parquet,102763,56af05ef88027db477a016894eb94229b998c8fe9928190fff4a724455455ddf,verified
data/upstream/revision/results/analysis/hls_indices/cells/C2_2025_LOWER_OHIO_hls_index_500m_cells.parquet,124432,04400f685ba0e8031df70fc2279d05ea2953c449b6050e4c0a6d35aa162002cd,verified
data/upstream/revision/results/analysis/hls_indices/cells/D3_2024_CENTRAL_INDIANA_hls_index_500m_cells.parquet,96332,1a895b699a4ef24b329901e631d513ab2f0c60774925e2ddd35c95cecdd835fc,verified
data/upstream/revision/results/analysis/hls_indices/cells/D5_2024_NEBRASKA_IOWA_hls_index_500m_cells.parquet,202406,d9de4a427a56e16a2fbddce5caf36e6a6862f162407a359b77bd9bf7eaa2ae93,verified
data/upstream/revision_v2/results/utility_raw_rma/event_utility_metrics.csv,60396,3b08070862b92c4ad3becf420e653303dfed4fb6f7e33698ecbd98e88f18bbfb,verified
data/upstream/revision_v2/results/threshold_sensitivity_metrics.csv,861,327fb39e5d417af690d3384b4717c2c2de90b53750eabda04aa10b0af2bccb76,verified
data/upstream/revision_v2/results/threshold_sensitivity/cells/C2_2025_LOWER_OHIO_hls_index_500m_cells.parquet,124272,1689473e3d85f96014b99ec8f3732a6c283c6172c9d4aae3a8d44c5da1f1bac9,verified
data/upstream/revision_v2/results/threshold_sensitivity/cells/D3_2024_CENTRAL_INDIANA_hls_index_500m_cells.parquet,95995,97ce00f80f70b31f98584d049cfbe2019be03edc1e3d330bd098db44da3a7369,verified
data/upstream/revision_v2/results/threshold_sensitivity/cells/D5_2024_NEBRASKA_IOWA_hls_index_500m_cells.parquet,248225,497883032717ceb9ec3721cd71df10ed9fe6759f5958e0de33cfe0f1ac388ad4,verified
