n_cells,k,topk_overlap,target_replacement,spearman,kendall,s1_capture_s30,s1_capture_l30,s1_capture_difference,s1_weighted_capture_s30,s1_weighted_capture_l30,event_id,scale_km,budget
12643,633,0.9162717219589257,0.0837282780410743,0.9312864063630298,0.8592265953838659,,,,,,N2023_179508_MINNESOTA,0.5,0.05
12643,1265,0.9106719367588932,0.08932806324110676,0.9312864063630298,0.8592265953838659,,,,,,N2023_179508_MINNESOTA,0.5,0.1
12643,2529,0.9185448793989719,0.08145512060102811,0.9312864063630298,0.8592265953838659,,,,,,N2023_179508_MINNESOTA,0.5,0.2
12643,3793,0.9277616662272608,0.07223833377273925,0.9312864063630298,0.8592265953838659,,,,,,N2023_179508_MINNESOTA,0.5,0.3
12643,5058,0.9284302095689996,0.07156979043100042,0.9312864063630298,0.8592265953838659,,,,,,N2023_179508_MINNESOTA,0.5,0.4
12643,6322,0.9193293261626068,0.08067067383739324,0.9312864063630298,0.8592265953838659,,,,,,N2023_179508_MINNESOTA,0.5,0.5
4843,243,0.9094650205761317,0.09053497942386834,0.956006943493666,0.8731611688698114,,,,,,N2023_179508_MINNESOTA,1.0,0.05
4843,485,0.9195876288659793,0.08041237113402067,0.956006943493666,0.8731611688698114,,,,,,N2023_179508_MINNESOTA,1.0,0.1
4843,969,0.9267285861713106,0.0732714138286894,0.956006943493666,0.8731611688698114,,,,,,N2023_179508_MINNESOTA,1.0,0.2
4843,1453,0.9415003441156229,0.05849965588437711,0.956006943493666,0.8731611688698114,,,,,,N2023_179508_MINNESOTA,1.0,0.3
4843,1938,0.9447884416924665,0.05521155830753355,0.956006943493666,0.8731611688698114,,,,,,N2023_179508_MINNESOTA,1.0,0.4
4843,2422,0.9438480594549958,0.056151940545004164,0.956006943493666,0.8731611688698114,,,,,,N2023_179508_MINNESOTA,1.0,0.5
1416,71,0.9295774647887324,0.07042253521126762,0.9784938387900178,0.895402946535681,,,,,,N2023_179508_MINNESOTA,2.0,0.05
1416,142,0.9084507042253521,0.09154929577464788,0.9784938387900178,0.895402946535681,,,,,,N2023_179508_MINNESOTA,2.0,0.1
1416,284,0.9401408450704225,0.059859154929577496,0.9784938387900178,0.895402946535681,,,,,,N2023_179508_MINNESOTA,2.0,0.2
1416,425,0.96,0.040000000000000036,0.9784938387900178,0.895402946535681,,,,,,N2023_179508_MINNESOTA,2.0,0.3
1416,567,0.9576719576719577,0.042328042328042326,0.9784938387900178,0.895402946535681,,,,,,N2023_179508_MINNESOTA,2.0,0.4
1416,708,0.961864406779661,0.03813559322033899,0.9784938387900178,0.895402946535681,,,,,,N2023_179508_MINNESOTA,2.0,0.5
260,13,0.9230769230769231,0.07692307692307687,0.9941746976229733,0.9373329373329371,,,,,,N2023_179508_MINNESOTA,5.0,0.05
260,26,0.9615384615384616,0.038461538461538436,0.9941746976229733,0.9373329373329371,,,,,,N2023_179508_MINNESOTA,5.0,0.1
260,52,0.9230769230769231,0.07692307692307687,0.9941746976229733,0.9373329373329371,,,,,,N2023_179508_MINNESOTA,5.0,0.2
260,78,0.9743589743589743,0.02564102564102566,0.9941746976229733,0.9373329373329371,,,,,,N2023_179508_MINNESOTA,5.0,0.3
260,104,0.9519230769230769,0.04807692307692313,0.9941746976229733,0.9373329373329371,,,,,,N2023_179508_MINNESOTA,5.0,0.4
260,130,0.9692307692307692,0.03076923076923077,0.9941746976229733,0.9373329373329371,,,,,,N2023_179508_MINNESOTA,5.0,0.5
77,4,0.75,0.25,0.995714811504285,0.9569377990430622,,,,,,N2023_179508_MINNESOTA,10.0,0.05
77,8,1.0,0.0,0.995714811504285,0.9569377990430622,,,,,,N2023_179508_MINNESOTA,10.0,0.1
77,16,0.9375,0.0625,0.995714811504285,0.9569377990430622,,,,,,N2023_179508_MINNESOTA,10.0,0.2
77,24,0.9583333333333334,0.04166666666666663,0.995714811504285,0.9569377990430622,,,,,,N2023_179508_MINNESOTA,10.0,0.3
77,31,1.0,0.0,0.995714811504285,0.9569377990430622,,,,,,N2023_179508_MINNESOTA,10.0,0.4
77,39,0.9743589743589743,0.02564102564102566,0.995714811504285,0.9569377990430622,,,,,,N2023_179508_MINNESOTA,10.0,0.5
25,2,1.0,0.0,0.9930769230769231,0.9466666666666665,,,,,,N2023_179508_MINNESOTA,20.0,0.05
25,3,1.0,0.0,0.9930769230769231,0.9466666666666665,,,,,,N2023_179508_MINNESOTA,20.0,0.1
25,5,0.8,0.19999999999999996,0.9930769230769231,0.9466666666666665,,,,,,N2023_179508_MINNESOTA,20.0,0.2
25,8,1.0,0.0,0.9930769230769231,0.9466666666666665,,,,,,N2023_179508_MINNESOTA,20.0,0.3
25,10,1.0,0.0,0.9930769230769231,0.9466666666666665,,,,,,N2023_179508_MINNESOTA,20.0,0.4
25,13,1.0,0.0,0.9930769230769231,0.9466666666666665,,,,,,N2023_179508_MINNESOTA,20.0,0.5
15,1,1.0,0.0,1.0,1.0,,,,,,N2023_179508_MINNESOTA,30.0,0.05
15,2,1.0,0.0,1.0,1.0,,,,,,N2023_179508_MINNESOTA,30.0,0.1
15,3,1.0,0.0,1.0,1.0,,,,,,N2023_179508_MINNESOTA,30.0,0.2
15,5,1.0,0.0,1.0,1.0,,,,,,N2023_179508_MINNESOTA,30.0,0.3
15,6,1.0,0.0,1.0,1.0,,,,,,N2023_179508_MINNESOTA,30.0,0.4
15,8,1.0,0.0,1.0,1.0,,,,,,N2023_179508_MINNESOTA,30.0,0.5
221,12,0.5833333333333334,0.41666666666666663,-0.010256807792805777,-0.010215149431261243,,,,,,N2023_179829_WISCONSIN,0.5,0.05
221,23,0.8260869565217391,0.17391304347826086,-0.010256807792805777,-0.010215149431261243,,,,,,N2023_179829_WISCONSIN,0.5,0.1
221,45,0.9333333333333333,0.06666666666666665,-0.010256807792805777,-0.010215149431261243,,,,,,N2023_179829_WISCONSIN,0.5,0.2
221,67,0.9701492537313433,0.02985074626865669,-0.010256807792805777,-0.010215149431261243,,,,,,N2023_179829_WISCONSIN,0.5,0.3
221,89,0.9775280898876404,0.022471910112359605,-0.010256807792805777,-0.010215149431261243,,,,,,N2023_179829_WISCONSIN,0.5,0.4
221,111,0.9819819819819819,0.018018018018018056,-0.010256807792805777,-0.010215149431261243,,,,,,N2023_179829_WISCONSIN,0.5,0.5
164,9,0.4444444444444444,0.5555555555555556,-0.013887669040790567,-0.013811733111860966,,,,,,N2023_179829_WISCONSIN,1.0,0.05
164,17,0.7647058823529411,0.23529411764705888,-0.013887669040790567,-0.013811733111860966,,,,,,N2023_179829_WISCONSIN,1.0,0.1
164,33,0.9090909090909091,0.09090909090909094,-0.013887669040790567,-0.013811733111860966,,,,,,N2023_179829_WISCONSIN,1.0,0.2
164,50,0.96,0.040000000000000036,-0.013887669040790567,-0.013811733111860966,,,,,,N2023_179829_WISCONSIN,1.0,0.3
164,66,0.9696969696969697,0.030303030303030276,-0.013887669040790567,-0.013811733111860966,,,,,,N2023_179829_WISCONSIN,1.0,0.4
164,82,0.9878048780487805,0.012195121951219523,-0.013887669040790567,-0.013811733111860966,,,,,,N2023_179829_WISCONSIN,1.0,0.5
109,6,0.16666666666666666,0.8333333333333334,-0.021091667750333363,-0.020918488014116877,,,,,,N2023_179829_WISCONSIN,2.0,0.05
109,11,0.5454545454545454,0.4545454545454546,-0.021091667750333363,-0.020918488014116877,,,,,,N2023_179829_WISCONSIN,2.0,0.1
109,22,0.8636363636363636,0.13636363636363635,-0.021091667750333363,-0.020918488014116877,,,,,,N2023_179829_WISCONSIN,2.0,0.2
109,33,0.9393939393939394,0.06060606060606055,-0.021091667750333363,-0.020918488014116877,,,,,,N2023_179829_WISCONSIN,2.0,0.3
109,44,0.9545454545454546,0.045454545454545414,-0.021091667750333363,-0.020918488014116877,,,,,,N2023_179829_WISCONSIN,2.0,0.4
109,55,0.9818181818181818,0.018181818181818188,-0.021091667750333363,-0.020918488014116877,,,,,,N2023_179829_WISCONSIN,2.0,0.5
59,3,0.0,1.0,-0.039905205837040804,-0.03923530128589652,,,,,,N2023_179829_WISCONSIN,5.0,0.05
59,6,0.16666666666666666,0.8333333333333334,-0.039905205837040804,-0.03923530128589652,,,,,,N2023_179829_WISCONSIN,5.0,0.1
59,12,0.6666666666666666,0.33333333333333337,-0.039905205837040804,-0.03923530128589652,,,,,,N2023_179829_WISCONSIN,5.0,0.2
59,18,0.8888888888888888,0.11111111111111116,-0.039905205837040804,-0.03923530128589652,,,,,,N2023_179829_WISCONSIN,5.0,0.3
59,24,0.9166666666666666,0.08333333333333337,-0.039905205837040804,-0.03923530128589652,,,,,,N2023_179829_WISCONSIN,5.0,0.4
59,30,0.9666666666666667,0.033333333333333326,-0.039905205837040804,-0.03923530128589652,,,,,,N2023_179829_WISCONSIN,5.0,0.5
29,2,0.0,1.0,-0.08576669123077632,-0.08287419301647449,,,,,,N2023_179829_WISCONSIN,10.0,0.05
29,3,0.0,1.0,-0.08576669123077632,-0.08287419301647449,,,,,,N2023_179829_WISCONSIN,10.0,0.1
29,6,0.3333333333333333,0.6666666666666667,-0.08576669123077632,-0.08287419301647449,,,,,,N2023_179829_WISCONSIN,10.0,0.2
29,9,0.6666666666666666,0.33333333333333337,-0.08576669123077632,-0.08287419301647449,,,,,,N2023_179829_WISCONSIN,10.0,0.3
29,12,0.8333333333333334,0.16666666666666663,-0.08576669123077632,-0.08287419301647449,,,,,,N2023_179829_WISCONSIN,10.0,0.4
29,15,0.9333333333333333,0.06666666666666665,-0.08576669123077632,-0.08287419301647449,,,,,,N2023_179829_WISCONSIN,10.0,0.5
17,1,0.0,1.0,-0.13713245325054632,-0.13130643285972254,,,,,,N2023_179829_WISCONSIN,20.0,0.05
17,2,0.0,1.0,-0.13713245325054632,-0.13130643285972254,,,,,,N2023_179829_WISCONSIN,20.0,0.1
17,4,0.0,1.0,-0.13713245325054632,-0.13130643285972254,,,,,,N2023_179829_WISCONSIN,20.0,0.2
17,6,0.6666666666666666,0.33333333333333337,-0.13713245325054632,-0.13130643285972254,,,,,,N2023_179829_WISCONSIN,20.0,0.3
17,7,0.8571428571428571,0.1428571428571429,-0.13713245325054632,-0.13130643285972254,,,,,,N2023_179829_WISCONSIN,20.0,0.4
17,9,0.8888888888888888,0.11111111111111116,-0.13713245325054632,-0.13130643285972254,,,,,,N2023_179829_WISCONSIN,20.0,0.5
8,1,0.0,1.0,-0.3514998201309974,-0.32232918561015206,,,,,,N2023_179829_WISCONSIN,30.0,0.05
8,1,0.0,1.0,-0.3514998201309974,-0.32232918561015206,,,,,,N2023_179829_WISCONSIN,30.0,0.1
8,2,0.0,1.0,-0.3514998201309974,-0.32232918561015206,,,,,,N2023_179829_WISCONSIN,30.0,0.2
8,3,0.3333333333333333,0.6666666666666667,-0.3514998201309974,-0.32232918561015206,,,,,,N2023_179829_WISCONSIN,30.0,0.3
8,4,0.75,0.25,-0.3514998201309974,-0.32232918561015206,,,,,,N2023_179829_WISCONSIN,30.0,0.4
8,4,0.75,0.25,-0.3514998201309974,-0.32232918561015206,,,,,,N2023_179829_WISCONSIN,30.0,0.5
2628,132,0.5303030303030303,0.4696969696969697,0.7561712034265659,0.6507847996646915,,,,,,N2023_180114_SOUTHDAKOTA,0.5,0.05
2628,263,0.596958174904943,0.40304182509505704,0.7561712034265659,0.6507847996646915,,,,,,N2023_180114_SOUTHDAKOTA,0.5,0.1
2628,526,0.6806083650190115,0.31939163498098855,0.7561712034265659,0.6507847996646915,,,,,,N2023_180114_SOUTHDAKOTA,0.5,0.2
2628,789,0.7363751584283904,0.2636248415716096,0.7561712034265659,0.6507847996646915,,,,,,N2023_180114_SOUTHDAKOTA,0.5,0.3
2628,1052,0.7880228136882129,0.21197718631178708,0.7561712034265659,0.6507847996646915,,,,,,N2023_180114_SOUTHDAKOTA,0.5,0.4
2628,1314,0.7450532724505328,0.25494672754946723,0.7561712034265659,0.6507847996646915,,,,,,N2023_180114_SOUTHDAKOTA,0.5,0.5
1294,65,0.5076923076923077,0.49230769230769234,0.750542952111956,0.6360188980506153,,,,,,N2023_180114_SOUTHDAKOTA,1.0,0.05
1294,130,0.5384615384615384,0.46153846153846156,0.750542952111956,0.6360188980506153,,,,,,N2023_180114_SOUTHDAKOTA,1.0,0.1
1294,259,0.667953667953668,0.33204633204633205,0.750542952111956,0.6360188980506153,,,,,,N2023_180114_SOUTHDAKOTA,1.0,0.2
1294,389,0.7275064267352185,0.2724935732647815,0.750542952111956,0.6360188980506153,,,,,,N2023_180114_SOUTHDAKOTA,1.0,0.3
1294,518,0.7644787644787645,0.2355212355212355,0.750542952111956,0.6360188980506153,,,,,,N2023_180114_SOUTHDAKOTA,1.0,0.4
1294,647,0.8114374034003091,0.18856259659969088,0.750542952111956,0.6360188980506153,,,,,,N2023_180114_SOUTHDAKOTA,1.0,0.5
587,30,0.4,0.6,0.7526264252948294,0.6347874726725106,,,,,,N2023_180114_SOUTHDAKOTA,2.0,0.05
587,59,0.4915254237288136,0.5084745762711864,0.7526264252948294,0.6347874726725106,,,,,,N2023_180114_SOUTHDAKOTA,2.0,0.1
587,118,0.652542372881356,0.34745762711864403,0.7526264252948294,0.6347874726725106,,,,,,N2023_180114_SOUTHDAKOTA,2.0,0.2
587,177,0.6779661016949152,0.3220338983050848,0.7526264252948294,0.6347874726725106,,,,,,N2023_180114_SOUTHDAKOTA,2.0,0.3
587,235,0.7617021276595745,0.23829787234042554,0.7526264252948294,0.6347874726725106,,,,,,N2023_180114_SOUTHDAKOTA,2.0,0.4
587,294,0.8333333333333334,0.16666666666666663,0.7526264252948294,0.6347874726725106,,,,,,N2023_180114_SOUTHDAKOTA,2.0,0.5
181,10,0.5,0.5,0.6868444581370605,0.5839646329791132,,,,,,N2023_180114_SOUTHDAKOTA,5.0,0.05
181,19,0.47368421052631576,0.5263157894736843,0.6868444581370605,0.5839646329791132,,,,,,N2023_180114_SOUTHDAKOTA,5.0,0.1
181,37,0.5675675675675675,0.43243243243243246,0.6868444581370605,0.5839646329791132,,,,,,N2023_180114_SOUTHDAKOTA,5.0,0.2
181,55,0.7272727272727273,0.2727272727272727,0.6868444581370605,0.5839646329791132,,,,,,N2023_180114_SOUTHDAKOTA,5.0,0.3
181,73,0.7534246575342466,0.2465753424657534,0.6868444581370605,0.5839646329791132,,,,,,N2023_180114_SOUTHDAKOTA,5.0,0.4
181,91,0.8241758241758241,0.17582417582417587,0.6868444581370605,0.5839646329791132,,,,,,N2023_180114_SOUTHDAKOTA,5.0,0.5
69,4,0.5,0.5,0.6801068472168377,0.5673955147628189,,,,,,N2023_180114_SOUTHDAKOTA,10.0,0.05
69,7,0.2857142857142857,0.7142857142857143,0.6801068472168377,0.5673955147628189,,,,,,N2023_180114_SOUTHDAKOTA,10.0,0.1
69,14,0.5,0.5,0.6801068472168377,0.5673955147628189,,,,,,N2023_180114_SOUTHDAKOTA,10.0,0.2
69,21,0.7142857142857143,0.2857142857142857,0.6801068472168377,0.5673955147628189,,,,,,N2023_180114_SOUTHDAKOTA,10.0,0.3
69,28,0.7142857142857143,0.2857142857142857,0.6801068472168377,0.5673955147628189,,,,,,N2023_180114_SOUTHDAKOTA,10.0,0.4
69,35,0.8,0.19999999999999996,0.6801068472168377,0.5673955147628189,,,,,,N2023_180114_SOUTHDAKOTA,10.0,0.5
26,2,0.5,0.5,0.7762898056978228,0.6971747590621267,,,,,,N2023_180114_SOUTHDAKOTA,20.0,0.05
26,3,0.6666666666666666,0.33333333333333337,0.7762898056978228,0.6971747590621267,,,,,,N2023_180114_SOUTHDAKOTA,20.0,0.1
26,6,0.8333333333333334,0.16666666666666663,0.7762898056978228,0.6971747590621267,,,,,,N2023_180114_SOUTHDAKOTA,20.0,0.2
26,8,0.75,0.25,0.7762898056978228,0.6971747590621267,,,,,,N2023_180114_SOUTHDAKOTA,20.0,0.3
26,11,0.7272727272727273,0.2727272727272727,0.7762898056978228,0.6971747590621267,,,,,,N2023_180114_SOUTHDAKOTA,20.0,0.4
26,13,0.7692307692307693,0.23076923076923073,0.7762898056978228,0.6971747590621267,,,,,,N2023_180114_SOUTHDAKOTA,20.0,0.5
17,1,0.0,1.0,0.9652605459057072,0.8923076923076924,,,,,,N2023_180114_SOUTHDAKOTA,30.0,0.05
17,2,1.0,0.0,0.9652605459057072,0.8923076923076924,,,,,,N2023_180114_SOUTHDAKOTA,30.0,0.1
17,4,0.75,0.25,0.9652605459057072,0.8923076923076924,,,,,,N2023_180114_SOUTHDAKOTA,30.0,0.2
17,6,0.8333333333333334,0.16666666666666663,0.9652605459057072,0.8923076923076924,,,,,,N2023_180114_SOUTHDAKOTA,30.0,0.3
17,7,0.8571428571428571,0.1428571428571429,0.9652605459057072,0.8923076923076924,,,,,,N2023_180114_SOUTHDAKOTA,30.0,0.4
17,9,0.8888888888888888,0.11111111111111116,0.9652605459057072,0.8923076923076924,,,,,,N2023_180114_SOUTHDAKOTA,30.0,0.5
28456,1423,0.8615600843288826,0.13843991567111735,0.8701375880640864,0.8427679423876511,,,,,,N2024_191762_IOWA,0.5,0.05
28456,2846,0.8668306394940267,0.13316936050597328,0.8701375880640864,0.8427679423876511,,,,,,N2024_191762_IOWA,0.5,0.1
28456,5692,0.7882993675333801,0.21170063246661985,0.8701375880640864,0.8427679423876511,,,,,,N2024_191762_IOWA,0.5,0.2
28456,8537,0.860372496193042,0.139627503806958,0.8701375880640864,0.8427679423876511,,,,,,N2024_191762_IOWA,0.5,0.3
28456,11383,0.9126767987349557,0.08732320126504434,0.8701375880640864,0.8427679423876511,,,,,,N2024_191762_IOWA,0.5,0.4
28456,14228,0.9420860275513073,0.057913972448692674,0.8701375880640864,0.8427679423876511,,,,,,N2024_191762_IOWA,0.5,0.5
7850,393,0.8473282442748091,0.15267175572519087,0.8902203303633393,0.8382031442605635,,,,,,N2024_191762_IOWA,1.0,0.05
7850,785,0.8789808917197452,0.12101910828025475,0.8902203303633393,0.8382031442605635,,,,,,N2024_191762_IOWA,1.0,0.1
7850,1570,0.8955414012738854,0.10445859872611463,0.8902203303633393,0.8382031442605635,,,,,,N2024_191762_IOWA,1.0,0.2
7850,2355,0.8895966029723992,0.11040339702760082,0.8902203303633393,0.8382031442605635,,,,,,N2024_191762_IOWA,1.0,0.3
7850,3140,0.824203821656051,0.175796178343949,0.8902203303633393,0.8382031442605635,,,,,,N2024_191762_IOWA,1.0,0.4
7850,3925,0.8654777070063694,0.1345222929936306,0.8902203303633393,0.8382031442605635,,,,,,N2024_191762_IOWA,1.0,0.5
2178,109,0.8899082568807339,0.11009174311926606,0.9153684570473868,0.8346719092295738,,,,,,N2024_191762_IOWA,2.0,0.05
2178,218,0.9036697247706422,0.09633027522935778,0.9153684570473868,0.8346719092295738,,,,,,N2024_191762_IOWA,2.0,0.1
2178,436,0.908256880733945,0.09174311926605505,0.9153684570473868,0.8346719092295738,,,,,,N2024_191762_IOWA,2.0,0.2
2178,654,0.9113149847094801,0.08868501529051986,0.9153684570473868,0.8346719092295738,,,,,,N2024_191762_IOWA,2.0,0.3
2178,872,0.9105504587155964,0.08944954128440363,0.9153684570473868,0.8346719092295738,,,,,,N2024_191762_IOWA,2.0,0.4
2178,1089,0.9127640036730946,0.08723599632690537,0.9153684570473868,0.8346719092295738,,,,,,N2024_191762_IOWA,2.0,0.5
424,22,0.8636363636363636,0.13636363636363635,0.9188713017162359,0.8272003079772274,,,,,,N2024_191762_IOWA,5.0,0.05
424,43,0.9069767441860465,0.09302325581395354,0.9188713017162359,0.8272003079772274,,,,,,N2024_191762_IOWA,5.0,0.1
424,85,0.9176470588235294,0.08235294117647063,0.9188713017162359,0.8272003079772274,,,,,,N2024_191762_IOWA,5.0,0.2
424,128,0.8984375,0.1015625,0.9188713017162359,0.8272003079772274,,,,,,N2024_191762_IOWA,5.0,0.3
424,170,0.9,0.09999999999999998,0.9188713017162359,0.8272003079772274,,,,,,N2024_191762_IOWA,5.0,0.4
424,212,0.9339622641509434,0.06603773584905659,0.9188713017162359,0.8272003079772274,,,,,,N2024_191762_IOWA,5.0,0.5
136,7,0.8571428571428571,0.1428571428571429,0.9469976133651551,0.8481095890410958,,,,,,N2024_191762_IOWA,10.0,0.05
136,14,0.8571428571428571,0.1428571428571429,0.9469976133651551,0.8481095890410958,,,,,,N2024_191762_IOWA,10.0,0.1
136,28,0.9285714285714286,0.0714285714285714,0.9469976133651551,0.8481095890410958,,,,,,N2024_191762_IOWA,10.0,0.2
136,41,0.9024390243902439,0.09756097560975607,0.9469976133651551,0.8481095890410958,,,,,,N2024_191762_IOWA,10.0,0.3
136,55,0.9090909090909091,0.09090909090909094,0.9469976133651551,0.8481095890410958,,,,,,N2024_191762_IOWA,10.0,0.4
136,68,0.9705882352941176,0.02941176470588236,0.9469976133651551,0.8481095890410958,,,,,,N2024_191762_IOWA,10.0,0.5
45,3,1.0,0.0,0.939262187088274,0.8545454545454545,,,,,,N2024_191762_IOWA,20.0,0.05
45,5,1.0,0.0,0.939262187088274,0.8545454545454545,,,,,,N2024_191762_IOWA,20.0,0.1
45,9,1.0,0.0,0.939262187088274,0.8545454545454545,,,,,,N2024_191762_IOWA,20.0,0.2
45,14,0.8571428571428571,0.1428571428571429,0.939262187088274,0.8545454545454545,,,,,,N2024_191762_IOWA,20.0,0.3
45,18,0.8888888888888888,0.11111111111111116,0.939262187088274,0.8545454545454545,,,,,,N2024_191762_IOWA,20.0,0.4
45,23,0.9130434782608695,0.08695652173913049,0.939262187088274,0.8545454545454545,,,,,,N2024_191762_IOWA,20.0,0.5
27,2,1.0,0.0,0.9810687022900763,0.9199999999999999,,,,,,N2024_191762_IOWA,30.0,0.05
27,3,1.0,0.0,0.9810687022900763,0.9199999999999999,,,,,,N2024_191762_IOWA,30.0,0.1
27,6,1.0,0.0,0.9810687022900763,0.9199999999999999,,,,,,N2024_191762_IOWA,30.0,0.2
27,9,1.0,0.0,0.9810687022900763,0.9199999999999999,,,,,,N2024_191762_IOWA,30.0,0.3
27,11,0.9090909090909091,0.09090909090909094,0.9810687022900763,0.9199999999999999,,,,,,N2024_191762_IOWA,30.0,0.4
27,14,1.0,0.0,0.9810687022900763,0.9199999999999999,,,,,,N2024_191762_IOWA,30.0,0.5
562,29,0.5172413793103449,0.48275862068965514,0.4836965450863318,0.477770562060182,,,,,,N2025_202615_MISSOURI,0.5,0.05
562,57,0.7543859649122807,0.24561403508771928,0.4836965450863318,0.477770562060182,,,,,,N2025_202615_MISSOURI,0.5,0.1
562,113,0.8761061946902655,0.12389380530973448,0.4836965450863318,0.477770562060182,,,,,,N2025_202615_MISSOURI,0.5,0.2
562,169,0.9349112426035503,0.0650887573964497,0.4836965450863318,0.477770562060182,,,,,,N2025_202615_MISSOURI,0.5,0.3
562,225,0.9511111111111111,0.04888888888888887,0.4836965450863318,0.477770562060182,,,,,,N2025_202615_MISSOURI,0.5,0.4
562,281,0.9644128113879004,0.03558718861209964,0.4836965450863318,0.477770562060182,,,,,,N2025_202615_MISSOURI,0.5,0.5
450,23,0.4782608695652174,0.5217391304347826,0.4790303705914605,0.47192243661610533,,,,,,N2025_202615_MISSOURI,1.0,0.05
450,45,0.7333333333333333,0.2666666666666667,0.4790303705914605,0.47192243661610533,,,,,,N2025_202615_MISSOURI,1.0,0.1
450,90,0.8666666666666667,0.1333333333333333,0.4790303705914605,0.47192243661610533,,,,,,N2025_202615_MISSOURI,1.0,0.2
450,135,0.9259259259259259,0.07407407407407407,0.4790303705914605,0.47192243661610533,,,,,,N2025_202615_MISSOURI,1.0,0.3
450,180,0.9444444444444444,0.05555555555555558,0.4790303705914605,0.47192243661610533,,,,,,N2025_202615_MISSOURI,1.0,0.4
450,225,0.96,0.040000000000000036,0.4790303705914605,0.47192243661610533,,,,,,N2025_202615_MISSOURI,1.0,0.5
356,18,0.4444444444444444,0.5555555555555556,0.48554423495931814,0.47742663381815537,,,,,,N2025_202615_MISSOURI,2.0,0.05
356,36,0.6666666666666666,0.33333333333333337,0.48554423495931814,0.47742663381815537,,,,,,N2025_202615_MISSOURI,2.0,0.1
356,72,0.8333333333333334,0.16666666666666663,0.48554423495931814,0.47742663381815537,,,,,,N2025_202615_MISSOURI,2.0,0.2
356,107,0.9065420560747663,0.09345794392523366,0.48554423495931814,0.47742663381815537,,,,,,N2025_202615_MISSOURI,2.0,0.3
356,143,0.9300699300699301,0.0699300699300699,0.48554423495931814,0.47742663381815537,,,,,,N2025_202615_MISSOURI,2.0,0.4
356,178,0.9550561797752809,0.0449438202247191,0.48554423495931814,0.47742663381815537,,,,,,N2025_202615_MISSOURI,2.0,0.5
202,11,0.2727272727272727,0.7272727272727273,0.5382218225372077,0.5260998666070186,,,,,,N2025_202615_MISSOURI,5.0,0.05
202,21,0.5714285714285714,0.4285714285714286,0.5382218225372077,0.5260998666070186,,,,,,N2025_202615_MISSOURI,5.0,0.1
202,41,0.8048780487804879,0.19512195121951215,0.5382218225372077,0.5260998666070186,,,,,,N2025_202615_MISSOURI,5.0,0.2
202,61,0.8852459016393442,0.11475409836065575,0.5382218225372077,0.5260998666070186,,,,,,N2025_202615_MISSOURI,5.0,0.3
202,81,0.9259259259259259,0.07407407407407407,0.5382218225372077,0.5260998666070186,,,,,,N2025_202615_MISSOURI,5.0,0.4
202,101,0.9504950495049505,0.04950495049504955,0.5382218225372077,0.5260998666070186,,,,,,N2025_202615_MISSOURI,5.0,0.5
104,6,0.5,0.5,0.6440545683560531,0.6147604865773202,,,,,,N2025_202615_MISSOURI,10.0,0.05
104,11,0.6363636363636364,0.36363636363636365,0.6440545683560531,0.6147604865773202,,,,,,N2025_202615_MISSOURI,10.0,0.1
104,21,0.7142857142857143,0.2857142857142857,0.6440545683560531,0.6147604865773202,,,,,,N2025_202615_MISSOURI,10.0,0.2
104,32,0.84375,0.15625,0.6440545683560531,0.6147604865773202,,,,,,N2025_202615_MISSOURI,10.0,0.3
104,42,0.9285714285714286,0.0714285714285714,0.6440545683560531,0.6147604865773202,,,,,,N2025_202615_MISSOURI,10.0,0.4
104,52,0.9423076923076923,0.05769230769230771,0.6440545683560531,0.6147604865773202,,,,,,N2025_202615_MISSOURI,10.0,0.5
48,3,0.3333333333333333,0.6666666666666667,0.7842031213611965,0.7288009108662064,,,,,,N2025_202615_MISSOURI,20.0,0.05
48,5,0.6,0.4,0.7842031213611965,0.7288009108662064,,,,,,N2025_202615_MISSOURI,20.0,0.1
48,10,0.7,0.30000000000000004,0.7842031213611965,0.7288009108662064,,,,,,N2025_202615_MISSOURI,20.0,0.2
48,15,0.8,0.19999999999999996,0.7842031213611965,0.7288009108662064,,,,,,N2025_202615_MISSOURI,20.0,0.3
48,20,0.85,0.15000000000000002,0.7842031213611965,0.7288009108662064,,,,,,N2025_202615_MISSOURI,20.0,0.4
48,24,0.9166666666666666,0.08333333333333337,0.7842031213611965,0.7288009108662064,,,,,,N2025_202615_MISSOURI,20.0,0.5
24,2,0.0,1.0,0.7372758495200548,0.6634345548480732,,,,,,N2025_202615_MISSOURI,30.0,0.05
24,3,0.3333333333333333,0.6666666666666667,0.7372758495200548,0.6634345548480732,,,,,,N2025_202615_MISSOURI,30.0,0.1
24,5,0.6,0.4,0.7372758495200548,0.6634345548480732,,,,,,N2025_202615_MISSOURI,30.0,0.2
24,8,0.75,0.25,0.7372758495200548,0.6634345548480732,,,,,,N2025_202615_MISSOURI,30.0,0.3
24,10,0.8,0.19999999999999996,0.7372758495200548,0.6634345548480732,,,,,,N2025_202615_MISSOURI,30.0,0.4
24,12,0.8333333333333334,0.16666666666666663,0.7372758495200548,0.6634345548480732,,,,,,N2025_202615_MISSOURI,30.0,0.5
