scale_km,budget,event_count,topk_overlap_mean,topk_overlap_ci_low,topk_overlap_ci_high,target_replacement_mean,target_replacement_ci_low,target_replacement_ci_high,spearman_mean,spearman_ci_low,spearman_ci_high,kendall_mean,kendall_ci_low,kendall_ci_high,s1_capture_s30_mean,s1_capture_s30_ci_low,s1_capture_s30_ci_high,s1_capture_l30_mean,s1_capture_l30_ci_low,s1_capture_l30_ci_high,s1_weighted_capture_s30_mean,s1_weighted_capture_s30_ci_low,s1_weighted_capture_s30_ci_high,s1_weighted_capture_l30_mean,s1_weighted_capture_l30_ci_low,s1_weighted_capture_l30_ci_high
0.5,0.05,5,0.6817419098469034,0.5356844305120168,0.8281356561017379,0.3182580901530966,0.171864343898262,0.4643155694879833,0.6062069870294416,0.2768425056141889,0.8718038384561597,0.5640669500130258,0.2612703418300528,0.8109547750415451,,,,,,,,,,,,
0.5,0.1,5,0.7909867345183766,0.6911864852772005,0.8762184218055158,0.20901326548162347,0.12378157819448418,0.3113903124483386,0.6062069870294416,0.2768425056141889,0.8718038384561597,0.5640669500130258,0.2579786112308099,0.810954775041545,,,,,,,,,,,,
0.5,0.2,5,0.8393784279949925,0.7497338683978773,0.9159725240309753,0.16062157200500754,0.0840274759690248,0.24730844081525047,0.6062069870294416,0.2768425056141889,0.8718038384561597,0.5640669500130258,0.2579786112308099,0.8109547750415451,,,,,,,,,,,,
0.5,0.3,5,0.8859139634367172,0.8079294450419112,0.9475765317794096,0.11408603656328264,0.05242346822059041,0.1920705549580887,0.6062069870294416,0.2768425056141889,0.8718038384561597,0.5640669500130258,0.2612703418300528,0.810954775041545,,,,,,,,,,,,
0.5,0.4,5,0.9115538045981839,0.8455712701821412,0.9571417223133005,0.08844619540181606,0.042111062239815936,0.1512780476510501,0.6062069870294416,0.2768425056141889,0.8718038384561597,0.5640669500130258,0.2612703418300528,0.8076630444423021,,,,,,,,,,,,
0.5,0.5,5,0.9105726839068659,0.8238663744908425,0.9669751228582143,0.08942731609313417,0.03302487714178561,0.1761336255091574,0.6062069870294416,0.2768425056141889,0.8718038384561597,0.5640669500130258,0.2579786112308099,0.8076630444423023,,,,,,,,,,,,
1.0,0.05,5,0.6374381773105819,0.4714756596060944,0.8107968351136844,0.36256182268941795,0.1892031648863157,0.5293794128576736,0.6123825855039262,0.278674861392551,0.8885994999651933,0.5610987829370468,0.2537380763082172,0.811749504862273,,,,,,,,,,,,
1.0,0.1,5,0.7670138549467074,0.6455397680875388,0.8742154223302032,0.2329861450532925,0.1257845776697967,0.35446023191246123,0.6123825855039262,0.27867486139255093,0.8885994999651933,0.5610987829370468,0.26072968123006673,0.811749504862273,,,,,,,,,,,,
1.0,0.2,5,0.853196246231288,0.7589887612817551,0.9134360783596648,0.14680375376871208,0.08656392164033506,0.2410112387182451,0.6123825855039262,0.2783459283268994,0.8885994999651933,0.5610987829370468,0.25373807630821715,0.8047578999404233,,,,,,,,,,,,
1.0,0.3,5,0.8889058599498332,0.8064231766356109,0.9457853228314343,0.11109414005016671,0.054211327224489535,0.19357682336438908,0.6123825855039262,0.26551753876648565,0.8754421773391279,0.5610987829370468,0.26072968123006673,0.811749504862273,,,,,,,,,,,,
1.0,0.4,5,0.8895224883937392,0.8124857113569621,0.9546142539950591,0.11047751160626078,0.04531694655533665,0.18751428864303782,0.6123825855039262,0.28186315473856005,0.8885994999651933,0.5610987829370468,0.2537380763082172,0.8047578999404236,,,,,,,,,,,,
1.0,0.5,5,0.913713609582091,0.8519579834414595,0.9678915631105113,0.08628639041790905,0.032108436889488653,0.14804201655854066,0.6123825855039262,0.278674861392551,0.8754421773391281,0.5610987829370468,0.26072968123006673,0.811749504862273,,,,,,,,,,,,
2.0,0.05,5,0.5661193665561155,0.31555555555555553,0.8166831775566754,0.43388063344388456,0.1833168224433246,0.6844444444444445,0.6221882576682438,0.2801526140996672,0.9080702033939276,0.5642740948483607,0.26201482326229714,0.8189874368406039,,,,,,,,,,,,
2.0,0.1,5,0.703153412969204,0.5481253210066769,0.858181504931731,0.296846587030796,0.14181849506826893,0.4518746789933231,0.6221882576682438,0.2801526140996672,0.9080702033939276,0.5642740948483607,0.24986861580107572,0.8189874368406039,,,,,,,,,,,,
2.0,0.2,5,0.8395819591310841,0.7398434665422693,0.9120863630490199,0.16041804086891592,0.08759745014429084,0.2601565334577307,0.6221882576682438,0.2801526140996672,0.9080702033939276,0.5642740948483607,0.24986861580107572,0.8189874368406039,,,,,,,,,,,,
2.0,0.3,5,0.8790434163746201,0.7759668601106903,0.9435151515151515,0.12095658362537978,0.05648484848484845,0.22307855416236694,0.6221882576682438,0.28288987387545755,0.9080702033939276,0.5642740948483607,0.24986861580107572,0.8068412293793827,,,,,,,,,,,,
2.0,0.4,5,0.9029079857325026,0.8300404592479549,0.950900950900951,0.09709201426749736,0.04909904909904907,0.16995954075204514,0.6221882576682438,0.26752753775114096,0.9080702033939276,0.5642740948483607,0.24986861580107572,0.8189874368406039,,,,,,,,,,,,
2.0,0.5,5,0.9289672210759103,0.8789164370982553,0.9684842713941932,0.07103277892408966,0.03151572860580669,0.12108356290174468,0.6221882576682438,0.2801526140996672,0.9080702033939276,0.5642740948483607,0.24986861580107572,0.8189874368406039,,,,,,,,,,,,
5.0,0.05,5,0.5118881118881118,0.20909090909090908,0.8146853146853147,0.48811188811188816,0.18531468531468528,0.790909090909091,0.6196414148352873,0.2825361805298117,0.9025872913630957,0.5670724887220799,0.24711885414531132,0.8273467952107099,,,,,,,,,,,,
5.0,0.1,5,0.6160589308692124,0.37042606516290727,0.8616917965755174,0.3839410691307876,0.13830820342448252,0.6295739348370928,0.6196414148352873,0.2674755013484642,0.9025872913630957,0.5670724887220799,0.24711885414531126,0.8330597973166114,,,,,,,,,,,,
5.0,0.2,5,0.7759672529830348,0.6546693034497911,0.8972652025162786,0.2240327470169651,0.10273479748372143,0.34533069655020876,0.6196414148352873,0.2674755013484642,0.9025872913630957,0.5670724887220799,0.2586918074197302,0.8226062247198884,,,,,,,,,,,,
5.0,0.3,5,0.8748407984319868,0.7931003166915053,0.9401709401709402,0.12515920156801305,0.05982905982905986,0.20617108585858585,0.6196414148352873,0.2674755013484642,0.9025872913630957,0.5670724887220799,0.24711885414531126,0.8226062247198884,,,,,,,,,,,,
5.0,0.4,5,0.8895880654099833,0.8187214611872147,0.9363251424501424,0.11041193459001679,0.06546688034188039,0.18127853881278538,0.6196414148352873,0.2825361805298117,0.9025872913630957,0.5670724887220799,0.2586918074197302,0.8226062247198884,,,,,,,,,,,,
5.0,0.5,5,0.9289061147458308,0.8747035143074745,0.9644579842599645,0.07109388525416922,0.03554201574003555,0.12529648569252533,0.6196414148352873,0.2825361805298117,0.9025872913630957,0.5670724887220799,0.2584024835878698,0.8226062247198884,,,,,,,,,,,,
10.0,0.05,5,0.5214285714285715,0.25,0.7642857142857143,0.47857142857142854,0.23571428571428577,0.75,0.6362214298423109,0.26675042160577583,0.9131063393911436,0.5808658392815645,0.23337650495089823,0.8572637001866203,,,,,,,,,,,,
10.0,0.1,5,0.5558441558441558,0.22857142857142856,0.8701298701298701,0.4441558441558442,0.12987012987012989,0.7584415584415585,0.6362214298423109,0.26675042160577583,0.9156393232468126,0.5808658392815645,0.2333765049508983,0.8450495159614254,,,,,,,,,,,,
10.0,0.2,5,0.6827380952380953,0.47619047619047616,0.8892857142857142,0.31726190476190474,0.1107142857142857,0.523809523809524,0.6362214298423109,0.2739608773779327,0.9156393232468126,0.5808658392815645,0.24261267445472606,0.8572637001866201,,,,,,,,,,,,
10.0,0.3,5,0.8170949477351916,0.7211309523809524,0.9125,0.18290505226480835,0.08694105691056908,0.2788690476190476,0.6362214298423109,0.27396087737793273,0.9228497790189694,0.5808658392815645,0.24284949931379854,0.8449710525491273,,,,,,,,,,,,
10.0,0.4,5,0.8770562770562771,0.7857142857142858,0.9532467532467532,0.12294372294372294,0.04675324675324675,0.21428571428571425,0.6362214298423109,0.26675042160577583,0.9131063393911436,0.5808658392815645,0.23337650495089823,0.8449710525491273,,,,,,,,,,,,
10.0,0.5,5,0.9241176470588236,0.8607843137254901,0.9664404223227752,0.07588235294117647,0.03355957767722475,0.13846153846153844,0.6362214298423109,0.26675042160577583,0.9156393232468126,0.5808658392815645,0.23337650495089823,0.8572637001866201,,,,,,,,,,,,
20.0,0.05,5,0.5666666666666667,0.2333333333333333,0.9,0.4333333333333334,0.1,0.8,0.671139916794734,0.26241358973956636,0.9297762683383182,0.6191762716561463,0.23788541336649863,0.8783440427215161,,,,,,,,,,,,
20.0,0.1,5,0.6533333333333333,0.32,0.9333333333333332,0.3466666666666667,0.06666666666666668,0.6799999999999999,0.671139916794734,0.26083092660689167,0.9297762683383182,0.6191762716561463,0.23156018300568268,0.8729696969696968,,,,,,,,,,,,
20.0,0.2,5,0.6666666666666666,0.32,0.9,0.33333333333333337,0.1,0.68,0.671139916794734,0.2624135897395663,0.9297762683383182,0.6191762716561463,0.23788541336649863,0.8664131473158775,,,,,,,,,,,,
20.0,0.3,5,0.8147619047619047,0.7214285714285713,0.9199999999999999,0.18523809523809526,0.08571428571428574,0.27857142857142864,0.671139916794734,0.2608309266068916,0.9389565524033732,0.6191762716561463,0.23156018300568268,0.8662450306580898,,,,,,,,,,,,
20.0,0.4,5,0.8646608946608947,0.7841414141414143,0.9414285714285715,0.13533910533910537,0.05714285714285716,0.21446572871572825,0.671139916794734,0.2624135897395663,0.9297762683383182,0.6191762716561463,0.23788541336649863,0.8783440427215161,,,,,,,,,,,,
20.0,0.5,5,0.8975659606094389,0.8274804905239688,0.9603864734299516,0.10243403939056114,0.03961352657004833,0.1725195094760312,0.671139916794734,0.26241358973956636,0.9297762683383182,0.6191762716561463,0.23788541336649863,0.8662450306580898,,,,,,,,,,,,
30.0,0.05,5,0.4,0.0,0.8,0.6,0.2,1.0,0.6664210555169682,0.13655527782541252,0.985479590097172,0.6306826123091227,0.13928939960352343,0.9464615384615385,,,,,,,,,,,,
30.0,0.1,5,0.6666666666666667,0.26666666666666666,1.0,0.33333333333333337,0.0,0.7333333333333334,0.6664210555169682,0.13655527782541252,0.985479590097172,0.6306826123091227,0.1392893996035234,0.9464615384615385,,,,,,,,,,,,
30.0,0.2,5,0.67,0.32,0.95,0.32999999999999996,0.05,0.6799999999999999,0.6664210555169682,0.13655527782541252,0.985479590097172,0.6306826123091227,0.13928939960352343,0.9464615384615385,,,,,,,,,,,,
30.0,0.3,5,0.7833333333333333,0.55,0.9666666666666668,0.2166666666666667,0.033333333333333326,0.45,0.6664210555169682,0.13655527782541252,0.985479590097172,0.6306826123091227,0.12328939960352345,0.9464615384615385,,,,,,,,,,,,
30.0,0.4,5,0.8632467532467534,0.7914285714285715,0.9418181818181818,0.13675324675324677,0.05818181818181818,0.20857142857142855,0.6664210555169682,0.1327690182834278,0.985479590097172,0.6306826123091227,0.13928939960352343,0.9464615384615385,,,,,,,,,,,,
30.0,0.5,5,0.8944444444444445,0.8055555555555556,0.9777777777777779,0.10555555555555556,0.022222222222222233,0.18888888888888888,0.6664210555169682,0.1327690182834278,0.985479590097172,0.6306826123091227,0.13928939960352343,0.9409230769230769,,,,,,,,,,,,
