threshold,event_id,scale_km,n_cells_recomputed,k,topk_overlap_recomputed,spearman_recomputed,kendall_recomputed,n_cells_original,topk_overlap_original,spearman_original,kendall_original,n_cells_difference,topk_overlap_difference,spearman_difference,kendall_difference
0.95,N2023_179508_MINNESOTA,0.5,12643,2529,0.9185448793989719,0.9312864063630298,0.8592265953838659,12643,0.918544879398972,0.9312864063630298,0.8592265953838659,0,-1.1102230246251565e-16,0.0,0.0
0.95,N2023_179508_MINNESOTA,1.0,4843,969,0.9267285861713106,0.9560075763227468,0.8731632601871728,4843,0.9267285861713106,0.956006943493666,0.8731611688698114,0,0.0,6.328290808044201e-07,2.091317361396783e-06
0.95,N2023_179508_MINNESOTA,2.0,1416,284,0.9401408450704225,0.9784938387900178,0.895402946535681,1416,0.9401408450704224,0.9784938387900178,0.895402946535681,0,1.1102230246251565e-16,0.0,0.0
0.95,N2023_179508_MINNESOTA,5.0,260,52,0.9230769230769231,0.9941746976229733,0.9373329373329371,260,0.9230769230769232,0.9941746976229732,0.9373329373329372,0,-1.1102230246251565e-16,1.1102230246251565e-16,-1.1102230246251565e-16
0.95,N2023_179508_MINNESOTA,10.0,77,16,0.9375,0.995714811504285,0.9569377990430622,77,0.9375,0.995714811504285,0.9569377990430622,0,0.0,0.0,0.0
0.95,N2023_179508_MINNESOTA,20.0,25,5,0.8,0.9930769230769231,0.9466666666666665,25,0.8,0.9930769230769232,0.9466666666666664,0,0.0,-1.1102230246251565e-16,1.1102230246251565e-16
0.95,N2023_179508_MINNESOTA,30.0,15,3,1.0,1.0,1.0,15,1.0,1.0,1.0,0,0.0,0.0,0.0
0.95,N2023_179829_WISCONSIN,0.5,221,45,0.9333333333333333,-0.010256807792805777,-0.010215149431261243,221,0.9333333333333332,-0.0102568077928057,-0.0102151494312612,0,1.1102230246251565e-16,-7.806255641895632e-17,-4.336808689942018e-17
0.95,N2023_179829_WISCONSIN,1.0,164,33,0.9090909090909091,-0.013887669040790567,-0.013811733111860966,164,0.9090909090909092,-0.0138876690407905,-0.0138117331118609,0,-1.1102230246251565e-16,-6.765421556309548e-17,-6.591949208711867e-17
0.95,N2023_179829_WISCONSIN,2.0,109,22,0.8636363636363636,-0.021091667750333363,-0.020918488014116877,109,0.8636363636363636,-0.0210916677503333,-0.0209184880141168,0,0.0,-6.245004513516506e-17,-7.632783294297951e-17
0.95,N2023_179829_WISCONSIN,5.0,59,12,0.6666666666666666,-0.039905205837040804,-0.03923530128589652,59,0.6666666666666666,-0.0399052058370408,-0.0392353012858965,0,0.0,-6.938893903907228e-18,-2.0816681711721685e-17
0.95,N2023_179829_WISCONSIN,10.0,29,6,0.3333333333333333,-0.08576669123077632,-0.08287419301647449,29,0.3333333333333333,-0.0857666912307763,-0.0828741930164744,0,0.0,-1.3877787807814457e-17,-8.326672684688674e-17
0.95,N2023_179829_WISCONSIN,20.0,17,4,0.0,-0.13713245325054632,-0.13130643285972254,17,0.0,-0.1371324532505463,-0.1313064328597225,0,0.0,-2.7755575615628914e-17,-5.551115123125783e-17
0.95,N2023_179829_WISCONSIN,30.0,8,2,0.0,-0.3514998201309974,-0.32232918561015206,8,0.0,-0.3514998201309974,-0.322329185610152,0,0.0,0.0,-5.551115123125783e-17
0.95,N2023_180114_SOUTHDAKOTA,0.5,2628,526,0.6806083650190115,0.7561712034265659,0.6507847996646915,2628,0.6806083650190115,0.7561712034265659,0.6507847996646915,0,0.0,0.0,0.0
0.95,N2023_180114_SOUTHDAKOTA,1.0,1294,259,0.667953667953668,0.7505416372959636,0.6360170447796478,1294,0.667953667953668,0.750542952111956,0.6360188980506153,0,0.0,-1.3148159924147862e-06,-1.8532709674667913e-06
0.95,N2023_180114_SOUTHDAKOTA,2.0,587,118,0.652542372881356,0.7526264252948294,0.6347874726725106,587,0.652542372881356,0.7526264252948294,0.6347874726725106,0,0.0,0.0,0.0
0.95,N2023_180114_SOUTHDAKOTA,5.0,181,37,0.5675675675675675,0.6868444581370605,0.5839646329791132,181,0.5675675675675675,0.6868444581370605,0.5839646329791132,0,0.0,0.0,0.0
0.95,N2023_180114_SOUTHDAKOTA,10.0,69,14,0.5,0.6801068472168377,0.5673955147628189,69,0.5,0.6801068472168377,0.5673955147628189,0,0.0,0.0,0.0
0.95,N2023_180114_SOUTHDAKOTA,20.0,26,6,0.8333333333333334,0.7762898056978228,0.6971747590621267,26,0.8333333333333334,0.7762898056978228,0.6971747590621267,0,0.0,0.0,0.0
0.95,N2023_180114_SOUTHDAKOTA,30.0,17,4,0.75,0.9652605459057072,0.8923076923076924,17,0.75,0.9652605459057072,0.8923076923076924,0,0.0,0.0,0.0
0.95,N2024_191762_IOWA,0.5,28456,5692,0.7882993675333801,0.8701375880640864,0.8427679423876511,28456,0.7882993675333801,0.8701375880640864,0.8427679423876511,0,0.0,0.0,0.0
0.95,N2024_191762_IOWA,1.0,7850,1570,0.8955414012738854,0.8902203049851775,0.8382039582183135,7850,0.8955414012738854,0.8902203303633393,0.8382031442605635,0,0.0,-2.5378161794264997e-08,8.139577499788331e-07
0.95,N2024_191762_IOWA,2.0,2178,436,0.908256880733945,0.9153684570473868,0.8346719092295738,2178,0.908256880733945,0.9153684570473868,0.8346719092295738,0,0.0,0.0,0.0
0.95,N2024_191762_IOWA,5.0,424,85,0.9176470588235294,0.9188713017162359,0.8272003079772274,424,0.9176470588235294,0.918871301716236,0.8272003079772274,0,0.0,-1.1102230246251565e-16,0.0
0.95,N2024_191762_IOWA,10.0,136,28,0.9285714285714286,0.9469976133651551,0.8481095890410958,136,0.9285714285714286,0.9469976133651552,0.8481095890410958,0,0.0,-1.1102230246251565e-16,0.0
0.95,N2024_191762_IOWA,20.0,45,9,1.0,0.939262187088274,0.8545454545454545,45,1.0,0.939262187088274,0.8545454545454545,0,0.0,0.0,0.0
0.95,N2024_191762_IOWA,30.0,27,6,1.0,0.9810687022900763,0.9199999999999999,27,1.0,0.9810687022900764,0.92,0,0.0,-1.1102230246251565e-16,-1.1102230246251565e-16
0.95,N2025_202615_MISSOURI,0.5,562,113,0.8761061946902655,0.4836965450863318,0.477770562060182,562,0.8761061946902655,0.4836965450863318,0.477770562060182,0,0.0,0.0,0.0
0.95,N2025_202615_MISSOURI,1.0,450,90,0.8666666666666667,0.4790303705914605,0.47192243661610533,450,0.8666666666666667,0.4790303705914605,0.4719224366161053,0,0.0,0.0,5.551115123125783e-17
0.95,N2025_202615_MISSOURI,2.0,356,72,0.8333333333333334,0.48554423495931814,0.47742663381815537,356,0.8333333333333334,0.4855442349593181,0.4774266338181553,0,0.0,5.551115123125783e-17,5.551115123125783e-17
0.95,N2025_202615_MISSOURI,5.0,202,41,0.8048780487804879,0.5382218225372077,0.5260998666070186,202,0.8048780487804879,0.5382218225372077,0.5260998666070186,0,0.0,0.0,0.0
0.95,N2025_202615_MISSOURI,10.0,104,21,0.7142857142857143,0.6440545683560531,0.6147604865773202,104,0.7142857142857143,0.6440545683560531,0.6147604865773202,0,0.0,0.0,0.0
0.95,N2025_202615_MISSOURI,20.0,48,10,0.7,0.7842031213611965,0.7288009108662064,48,0.7,0.7842031213611965,0.7288009108662064,0,0.0,0.0,0.0
0.95,N2025_202615_MISSOURI,30.0,24,5,0.6,0.7372758495200548,0.6634345548480732,24,0.6,0.7372758495200548,0.6634345548480732,0,0.0,0.0,0.0
