threshold,event_id,score,n_counties,target_equivalents,rma_total,capture,lift,estimable,selection_phase,regime,budget_fraction,candidate_count,selected_unit_equivalents,total_external_outcome,loss_capture_fraction,capture_lift_over_random,spearman_outcome,kendall_outcome,outcome_estimable,lift_difference
0.95,N2023_179508_MINNESOTA,s30_water_fraction,4,0.8,71285.65,0.3387273595737712,1.693636797868856,True,blind_noaa_event_screen,fluvial,0.2,4,0.8,71285.65,0.3387273595737712,1.693636797868856,1.0,1.0,True,0.0
0.95,N2023_179508_MINNESOTA,l30_water_fraction,4,0.8,71285.65,0.3387273595737712,1.693636797868856,True,blind_noaa_event_screen,fluvial,0.2,4,0.8,71285.65,0.3387273595737712,1.693636797868856,1.0,1.0,True,0.0
0.95,N2023_179508_MINNESOTA,consensus_rank,4,0.8,71285.65,0.3387273595737712,1.693636797868856,True,blind_noaa_event_screen,fluvial,0.2,4,0.8,71285.65,0.3387273595737712,1.693636797868856,1.0,1.0,True,0.0
0.95,N2023_179508_MINNESOTA,agreement_weighted_score,4,0.8,71285.65,0.3387273595737712,1.693636797868856,True,blind_noaa_event_screen,fluvial,0.2,4,0.8,71285.65,0.3387273595737712,1.693636797868856,1.0,1.0,True,0.0
0.95,N2023_179829_WISCONSIN,s30_water_fraction,3,0.6000000000000001,0.0,,,False,blind_noaa_event_screen,fluvial,0.2,3,0.6000000000000001,0.0,,,,,False,
0.95,N2023_179829_WISCONSIN,l30_water_fraction,3,0.6000000000000001,0.0,,,False,blind_noaa_event_screen,fluvial,0.2,3,0.6000000000000001,0.0,,,,,False,
0.95,N2023_179829_WISCONSIN,consensus_rank,3,0.6000000000000001,0.0,,,False,blind_noaa_event_screen,fluvial,0.2,3,0.6000000000000001,0.0,,,,,False,
0.95,N2023_179829_WISCONSIN,agreement_weighted_score,3,0.6000000000000001,0.0,,,False,blind_noaa_event_screen,fluvial,0.2,3,0.6000000000000001,0.0,,,,,False,
0.95,N2023_180114_SOUTHDAKOTA,s30_water_fraction,6,1.2000000000000002,7912192.12,0.16063477942949658,0.8031738971474829,True,blind_noaa_event_screen,fluvial,0.2,6,1.2000000000000002,7912192.12,0.1606347794294965,0.8031738971474829,0.0285714285714285,0.0666666666666666,True,0.0
0.95,N2023_180114_SOUTHDAKOTA,l30_water_fraction,6,1.2000000000000002,7912192.12,0.16063477942949658,0.8031738971474829,True,blind_noaa_event_screen,fluvial,0.2,6,1.2000000000000002,7912192.12,0.1606347794294965,0.8031738971474829,-0.1428571428571428,-0.0666666666666666,True,0.0
0.95,N2023_180114_SOUTHDAKOTA,consensus_rank,6,1.2000000000000002,7912192.12,0.16063477942949658,0.8031738971474829,True,blind_noaa_event_screen,fluvial,0.2,6,1.2000000000000002,7912192.12,0.1606347794294965,0.8031738971474829,-0.0579771035652448,0.0,True,0.0
0.95,N2023_180114_SOUTHDAKOTA,agreement_weighted_score,6,1.2000000000000002,7912192.12,0.6770076988474338,3.385038494237169,True,blind_noaa_event_screen,fluvial,0.2,6,1.2000000000000002,7912192.12,0.6770076988474338,3.385038494237169,0.2571428571428572,0.2,True,0.0
0.95,N2024_191762_IOWA,s30_water_fraction,10,2.0,6561635.3,0.16767627118806802,0.83838135594034,True,blind_noaa_event_screen,flash_or_mixed,0.2,10,2.0,6561635.3,0.167676271188068,0.83838135594034,0.3575757575757575,0.2444444444444444,True,0.0
0.95,N2024_191762_IOWA,l30_water_fraction,10,2.0,6561635.3,0.16767627118806802,0.83838135594034,True,blind_noaa_event_screen,flash_or_mixed,0.2,10,2.0,6561635.3,0.167676271188068,0.83838135594034,0.3696969696969697,0.2444444444444444,True,0.0
0.95,N2024_191762_IOWA,consensus_rank,10,2.0,6561635.3,0.16767627118806802,0.83838135594034,True,blind_noaa_event_screen,flash_or_mixed,0.2,10,2.0,6561635.3,0.167676271188068,0.83838135594034,0.3658604599914624,0.2500645911391736,True,0.0
0.95,N2024_191762_IOWA,agreement_weighted_score,10,2.0,6561635.3,0.16767627118806802,0.83838135594034,True,blind_noaa_event_screen,flash_or_mixed,0.2,10,2.0,6561635.3,0.167676271188068,0.83838135594034,0.4181818181818181,0.2888888888888888,True,0.0
0.95,N2025_202615_MISSOURI,s30_water_fraction,14,2.8000000000000003,763892.5,0.4908892808870358,2.454446404435179,True,blind_noaa_event_screen,flash_or_mixed,0.2,14,2.8000000000000003,763892.5,0.4908892808870358,2.454446404435179,0.4754466415258954,0.4059618413802811,True,0.0
0.95,N2025_202615_MISSOURI,l30_water_fraction,14,2.8000000000000003,763892.5,0.38542135182633686,1.9271067591316842,True,blind_noaa_event_screen,flash_or_mixed,0.2,14,2.8000000000000003,763892.5,0.3854213518263368,1.927106759131684,0.5474526769480053,0.4843221048378525,True,2.220446049250313e-16
0.95,N2025_202615_MISSOURI,consensus_rank,14,2.8000000000000003,763892.5,0.4908892808870358,2.454446404435179,True,blind_noaa_event_screen,flash_or_mixed,0.2,14,2.8000000000000003,763892.5,0.4908892808870358,2.454446404435179,0.5427735942390479,0.4843221048378525,True,0.0
0.95,N2025_202615_MISSOURI,agreement_weighted_score,14,2.8000000000000003,763892.5,0.5700114872184241,2.8500574360921203,True,blind_noaa_event_screen,flash_or_mixed,0.2,14,2.8000000000000003,763892.5,0.5700114872184241,2.8500574360921203,0.7780175924512662,0.6442354241315424,True,0.0
