county_fips,eligible_pixel_count_new,strict_common_valid_pixel_count_new,strict_s30_water_pixel_count_new,strict_l30_water_pixel_count_new,strict_intersection_pixel_count_new,strict_union_pixel_count_new,s30_water_fraction_new,l30_water_fraction_new,event_id,threshold,county_name,unit_id,eligible_pixel_count_original,strict_common_valid_pixel_count_original,strict_s30_water_pixel_count_original,strict_l30_water_pixel_count_original,strict_intersection_pixel_count_original,strict_union_pixel_count_original,base_cell_count,unit_name,unit_state,s30_water_fraction_original,l30_water_fraction_original,unit_type,union_positive,_merge,eligible_pixel_count_difference,strict_common_valid_pixel_count_difference,strict_s30_water_pixel_count_difference,strict_l30_water_pixel_count_difference,strict_intersection_pixel_count_difference,strict_union_pixel_count_difference,s30_water_fraction_difference,l30_water_fraction_difference
27023,416596,409493,33458,42614,31276,44796,0.08170591438681492,0.10406527095701269,N2023_179508_MINNESOTA,0.95,Chippewa County,27023,416596,409493,33458,42614,31276,44796,2039,Chippewa County,MN,0.08170591438681492,0.10406527095701269,county,True,both,0,0,0,0,0,0,0.0,0.0
27033,2994,2992,2,6,1,7,0.0006684491978609625,0.002005347593582888,N2023_179508_MINNESOTA,0.95,Cottonwood County,27033,2994,2992,2,6,1,7,48,Cottonwood County,MN,0.0006684491978609625,0.002005347593582888,county,True,both,0,0,0,0,0,0,0.0,0.0
27067,2277,2250,560,630,546,644,0.24888888888888888,0.28,N2023_179508_MINNESOTA,0.95,Kandiyohi County,27067,2277,2250,560,630,546,644,31,Kandiyohi County,MN,0.24888888888888888,0.28,county,True,both,0,0,0,0,0,0,0.0,0.0
27073,569617,562627,67076,83612,63362,87326,0.1192193051524367,0.14861000271938601,N2023_179508_MINNESOTA,0.95,Lac qui Parle County,27073,569617,562627,67076,83612,63362,87326,2421,Lac qui Parle County,MN,0.1192193051524367,0.14861000271938601,county,True,both,0,0,0,0,0,0,0.0,0.0
27083,3552,3541,94,130,89,135,0.02654617339734538,0.03671279299632872,N2023_179508_MINNESOTA,0.95,Lyon County,27083,3552,3541,94,130,89,135,44,Lyon County,MN,0.02654617339734538,0.03671279299632872,county,True,both,0,0,0,0,0,0,0.0,0.0
27101,807,800,0,0,0,0,0.0,0.0,N2023_179508_MINNESOTA,0.95,Murray County,27101,807,800,0,0,0,0,8,Murray County,MN,0.0,0.0,county,False,both,0,0,0,0,0,0,0.0,0.0
27127,1263823,1249094,21895,29525,21294,30126,0.01752870480524284,0.023637132193413787,N2023_179508_MINNESOTA,0.95,Redwood County,27127,1263823,1249094,21895,29525,21294,30126,5532,Redwood County,MN,0.01752870480524284,0.023637132193413787,county,True,both,0,0,0,0,0,0,0.0,0.0
27129,518655,510892,44977,58796,43408,60365,0.08803621900519092,0.11508498860815984,N2023_179508_MINNESOTA,0.95,Renville County,27129,518655,510892,44977,58796,43408,60365,2500,Renville County,MN,0.08803621900519092,0.11508498860815984,county,True,both,0,0,0,0,0,0,0.0,0.0
27173,706,701,72,87,68,91,0.10271041369472182,0.12410841654778887,N2023_179508_MINNESOTA,0.95,Yellow Medicine County,27173,706,701,72,87,68,91,20,Yellow Medicine County,MN,0.10271041369472182,0.12410841654778887,county,True,both,0,0,0,0,0,0,0.0,0.0
55013,2012,2007,0,2,0,2,0.0,0.000996512207274539,N2023_179829_WISCONSIN,0.95,Burnett County,55013,2012,2007,0,2,0,2,132,Burnett County,WI,0.0,0.000996512207274539,county,True,both,0,0,0,0,0,0,0.0,0.0
55031,110,110,1,4,0,5,0.00909090909090909,0.03636363636363636,N2023_179829_WISCONSIN,0.95,Douglas County,55031,110,110,1,4,0,5,53,Douglas County,WI,0.00909090909090909,0.03636363636363636,county,True,both,0,0,0,0,0,0,0.0,0.0
55129,990,979,0,0,0,0,0.0,0.0,N2023_179829_WISCONSIN,0.95,Washburn County,55129,990,979,0,0,0,0,36,Washburn County,WI,0.0,0.0,county,False,both,0,0,0,0,0,0,0.0,0.0
46005,951,949,8,21,8,21,0.008429926238145416,0.022128556375131718,N2023_180114_SOUTHDAKOTA,0.95,Beadle County,46005,951,949,8,21,8,21,33,Beadle County,SD,0.008429926238145416,0.022128556375131718,county,True,both,0,0,0,0,0,0,0.0,0.0
46017,52,52,0,0,0,0,0.0,0.0,N2023_180114_SOUTHDAKOTA,0.95,Buffalo County,46017,52,52,0,0,0,0,2,Buffalo County,SD,0.0,0.0,county,False,both,0,0,0,0,0,0,0.0,0.0
46025,286216,283201,4512,11853,3966,12399,0.015932147132248827,0.0418536657709542,N2023_180114_SOUTHDAKOTA,0.95,Clark County,46025,286216,283201,4512,11853,3966,12399,1569,Clark County,SD,0.015932147132248827,0.0418536657709542,county,True,both,0,0,0,0,0,0,0.0,0.0
46029,15347,15077,605,2607,515,2697,0.04012734628904954,0.17291238310008622,N2023_180114_SOUTHDAKOTA,0.95,Codington County,46029,15347,15077,605,2607,515,2697,79,Codington County,SD,0.04012734628904954,0.17291238310008622,county,True,both,0,0,0,0,0,0,0.0,0.0
46057,15436,15180,112,651,96,667,0.007378129117259552,0.04288537549407115,N2023_180114_SOUTHDAKOTA,0.95,Hamlin County,46057,15436,15180,112,651,96,667,90,Hamlin County,SD,0.007378129117259552,0.04288537549407115,county,True,both,0,0,0,0,0,0,0.0,0.0
46059,17150,16842,48,223,35,236,0.0028500178126113287,0.013240707754423466,N2023_180114_SOUTHDAKOTA,0.95,Hand County,46059,17150,16842,48,223,35,236,261,Hand County,SD,0.0028500178126113287,0.013240707754423466,county,True,both,0,0,0,0,0,0,0.0,0.0
46069,5856,5806,8,19,6,21,0.0013778849466069584,0.003272476748191526,N2023_180114_SOUTHDAKOTA,0.95,Hyde County,46069,5856,5806,8,19,6,21,106,Hyde County,SD,0.0013778849466069584,0.003272476748191526,county,True,both,0,0,0,0,0,0,0.0,0.0
46077,555,555,4,5,4,5,0.007207207207207207,0.009009009009009009,N2023_180114_SOUTHDAKOTA,0.95,Kingsbury County,46077,555,555,4,5,4,5,17,Kingsbury County,SD,0.007207207207207207,0.009009009009009009,county,True,both,0,0,0,0,0,0,0.0,0.0
46115,95093,93792,2809,6220,2696,6333,0.029949249402934152,0.06631695667007848,N2023_180114_SOUTHDAKOTA,0.95,Spink County,46115,95093,93792,2809,6220,2696,6333,471,Spink County,SD,0.029949249402934152,0.06631695667007848,county,True,both,0,0,0,0,0,0,0.0,0.0
19001,932,932,0,1,0,1,0.0,0.001072961373390558,N2024_191762_IOWA,0.95,Adair County,19001,932,932,0,1,0,1,25,Adair County,IA,0.0,0.001072961373390558,county,True,both,0,0,0,0,0,0,0.0,0.0
19009,5093,5093,0,0,0,0,0.0,0.0,N2024_191762_IOWA,0.95,Audubon County,19009,5093,5093,0,0,0,0,29,Audubon County,IA,0.0,0.0,county,False,both,0,0,0,0,0,0,0.0,0.0
19015,438380,438104,1776,2483,1704,2555,0.004053831966838924,0.005667604039223563,N2024_191762_IOWA,0.95,Boone County,19015,438380,438104,1776,2483,1704,2555,2166,Boone County,IA,0.004053831966838924,0.005667604039223563,county,True,both,0,0,0,0,0,0,0.0,0.0
19023,19263,19239,17,26,15,28,0.0008836218098653776,0.0013514215915588128,N2024_191762_IOWA,0.95,Butler County,19023,19263,19239,17,26,15,28,80,Butler County,IA,0.0008836218098653776,0.0013514215915588128,county,True,both,0,0,0,0,0,0,0.0,0.0
19033,1222114,1222022,2639,4177,2532,4284,0.0021595355893756414,0.0034181054023577316,N2024_191762_IOWA,0.95,Cerro Gordo County,19033,1222114,1222022,2639,4177,2532,4284,5686,Cerro Gordo County,IA,0.0021595355893756414,0.0034181054023577316,county,True,both,0,0,0,0,0,0,0.0,0.0
19049,1160,1160,1,0,0,1,0.0008620689655172414,0.0,N2024_191762_IOWA,0.95,Dallas County,19049,1160,1160,1,0,0,1,25,Dallas County,IA,0.0008620689655172414,0.0,county,True,both,0,0,0,0,0,0,0.0,0.0
19067,1736,1736,2,2,2,2,0.001152073732718894,0.001152073732718894,N2024_191762_IOWA,0.95,Floyd County,19067,1736,1736,2,2,2,2,32,Floyd County,IA,0.001152073732718894,0.001152073732718894,county,True,both,0,0,0,0,0,0,0.0,0.0
19069,1293538,1293354,12912,16199,12358,16753,0.009983345626951322,0.012524799861445514,N2024_191762_IOWA,0.95,Franklin County,19069,1293538,1293354,12912,16199,12358,16753,5572,Franklin County,IA,0.009983345626951322,0.012524799861445514,county,True,both,0,0,0,0,0,0,0.0,0.0
19077,272961,272753,180,172,56,296,0.0006599377458726393,0.0006306071793894109,N2024_191762_IOWA,0.95,Guthrie County,19077,272961,272753,180,172,56,296,1962,Guthrie County,IA,0.0006599377458726393,0.0006306071793894109,county,True,both,0,0,0,0,0,0,0.0,0.0
19079,3713,3713,6,11,6,11,0.0016159439806086723,0.0029625639644492324,N2024_191762_IOWA,0.95,Hamilton County,19079,3713,3713,6,11,6,11,65,Hamilton County,IA,0.0016159439806086723,0.0029625639644492324,county,True,both,0,0,0,0,0,0,0.0,0.0
19081,728960,728682,4677,6820,4544,6953,0.006418437672400306,0.009359363892617082,N2024_191762_IOWA,0.95,Hancock County,19081,728960,728682,4677,6820,4544,6953,3288,Hancock County,IA,0.006418437672400306,0.009359363892617082,county,True,both,0,0,0,0,0,0,0.0,0.0
19083,839562,839508,12283,13942,11557,14668,0.014631188743883323,0.016607346207540608,N2024_191762_IOWA,0.95,Hardin County,19083,839562,839508,12283,13942,11557,14668,3726,Hardin County,IA,0.014631188743883323,0.016607346207540608,county,True,both,0,0,0,0,0,0,0.0,0.0
19131,6,6,0,0,0,0,0.0,0.0,N2024_191762_IOWA,0.95,Mitchell County,19131,6,6,0,0,0,0,1,Mitchell County,IA,0.0,0.0,county,False,both,0,0,0,0,0,0,0.0,0.0
19153,225889,225685,3218,4404,2911,4711,0.014258812061058555,0.019513924274985047,N2024_191762_IOWA,0.95,Polk County,19153,225889,225685,3218,4404,2911,4711,1361,Polk County,IA,0.014258812061058555,0.019513924274985047,county,True,both,0,0,0,0,0,0,0.0,0.0
19169,923201,922890,6229,7415,5516,8128,0.006749450096977971,0.008034543661758172,N2024_191762_IOWA,0.95,Story County,19169,923201,922890,6229,7415,5516,8128,4313,Story County,IA,0.006749450096977971,0.008034543661758172,county,True,both,0,0,0,0,0,0,0.0,0.0
19181,236,236,0,0,0,0,0.0,0.0,N2024_191762_IOWA,0.95,Warren County,19181,236,236,0,0,0,0,9,Warren County,IA,0.0,0.0,county,False,both,0,0,0,0,0,0,0.0,0.0
19187,651,651,2,3,2,3,0.0030721966205837174,0.004608294930875576,N2024_191762_IOWA,0.95,Webster County,19187,651,651,2,3,2,3,18,Webster County,IA,0.0030721966205837174,0.004608294930875576,county,True,both,0,0,0,0,0,0,0.0,0.0
19189,1405,1405,16,28,16,28,0.011387900355871887,0.0199288256227758,N2024_191762_IOWA,0.95,Winnebago County,19189,1405,1405,16,28,16,28,26,Winnebago County,IA,0.011387900355871887,0.0199288256227758,county,True,both,0,0,0,0,0,0,0.0,0.0
19195,789,789,2,2,2,2,0.0025348542458808617,0.0025348542458808617,N2024_191762_IOWA,0.95,Worth County,19195,789,789,2,2,2,2,28,Worth County,IA,0.0025348542458808617,0.0025348542458808617,county,True,both,0,0,0,0,0,0,0.0,0.0
19197,2453,2453,240,261,237,264,0.09783938035059112,0.10640032613126783,N2024_191762_IOWA,0.95,Wright County,19197,2453,2453,240,261,237,264,44,Wright County,IA,0.09783938035059112,0.10640032613126783,county,True,both,0,0,0,0,0,0,0.0,0.0
29009,2010,2009,29,25,20,34,0.01443504230960677,0.012444001991040319,N2025_202615_MISSOURI,0.95,Barry County,29009,2010,2009,29,25,20,34,211,Barry County,MO,0.01443504230960677,0.012444001991040319,county,True,both,0,0,0,0,0,0,0.0,0.0
29039,210,210,5,6,4,7,0.023809523809523808,0.02857142857142857,N2025_202615_MISSOURI,0.95,Cedar County,29039,210,210,5,6,4,7,20,Cedar County,MO,0.023809523809523808,0.02857142857142857,county,True,both,0,0,0,0,0,0,0.0,0.0
29043,138,138,0,1,0,1,0.0,0.007246376811594203,N2025_202615_MISSOURI,0.95,Christian County,29043,138,138,0,1,0,1,18,Christian County,MO,0.0,0.007246376811594203,county,True,both,0,0,0,0,0,0,0.0,0.0
29057,77,77,4,4,4,4,0.05194805194805195,0.05194805194805195,N2025_202615_MISSOURI,0.95,Dade County,29057,77,77,4,4,4,4,24,Dade County,MO,0.05194805194805195,0.05194805194805195,county,True,both,0,0,0,0,0,0,0.0,0.0
29067,16,16,1,1,0,2,0.0625,0.0625,N2025_202615_MISSOURI,0.95,Douglas County,29067,16,16,1,1,0,2,10,Douglas County,MO,0.0625,0.0625,county,True,both,0,0,0,0,0,0,0.0,0.0
29077,138,137,0,0,0,0,0.0,0.0,N2025_202615_MISSOURI,0.95,Greene County,29077,138,137,0,0,0,0,34,Greene County,MO,0.0,0.0,county,False,both,0,0,0,0,0,0,0.0,0.0
29109,853,848,1,18,1,18,0.0011792452830188679,0.02122641509433962,N2025_202615_MISSOURI,0.95,Lawrence County,29109,853,848,1,18,1,18,61,Lawrence County,MO,0.0011792452830188679,0.02122641509433962,county,True,both,0,0,0,0,0,0,0.0,0.0
29119,7,7,0,0,0,0,0.0,0.0,N2025_202615_MISSOURI,0.95,McDonald County,29119,7,7,0,0,0,0,7,McDonald County,MO,0.0,0.0,county,False,both,0,0,0,0,0,0,0.0,0.0
29153,1,1,0,0,0,0,0.0,0.0,N2025_202615_MISSOURI,0.95,Ozark County,29153,1,1,0,0,0,0,1,Ozark County,MO,0.0,0.0,county,False,both,0,0,0,0,0,0,0.0,0.0
29167,1878,1857,23,91,13,101,0.012385568120624663,0.04900376952073236,N2025_202615_MISSOURI,0.95,Polk County,29167,1878,1857,23,91,13,101,120,Polk County,MO,0.012385568120624663,0.04900376952073236,county,True,both,0,0,0,0,0,0,0.0,0.0
29209,93,93,0,0,0,0,0.0,0.0,N2025_202615_MISSOURI,0.95,Stone County,29209,93,93,0,0,0,0,19,Stone County,MO,0.0,0.0,county,False,both,0,0,0,0,0,0,0.0,0.0
29213,14,14,0,0,0,0,0.0,0.0,N2025_202615_MISSOURI,0.95,Taney County,29213,14,14,0,0,0,0,12,Taney County,MO,0.0,0.0,county,False,both,0,0,0,0,0,0,0.0,0.0
29225,251,251,0,2,0,2,0.0,0.00796812749003984,N2025_202615_MISSOURI,0.95,Webster County,29225,251,251,0,2,0,2,22,Webster County,MO,0.0,0.00796812749003984,county,True,both,0,0,0,0,0,0,0.0,0.0
29229,3,3,0,0,0,0,0.0,0.0,N2025_202615_MISSOURI,0.95,Wright County,29229,3,3,0,0,0,0,3,Wright County,MO,0.0,0.0,county,False,both,0,0,0,0,0,0,0.0,0.0
