county_fips,eligible_pixel_count,strict_common_valid_pixel_count,strict_s30_water_pixel_count,strict_l30_water_pixel_count,strict_intersection_pixel_count,strict_union_pixel_count,s30_water_fraction,l30_water_fraction,event_id,threshold,county_name,rma_indemnity_usd,consensus_rank,agreement_weighted_score,s30_water_fraction_selection_weight,l30_water_fraction_selection_weight,consensus_rank_selection_weight,agreement_weighted_score_selection_weight
27023,644650,620495,59361,73946,56153,77154,0.09566716895381913,0.1191725960724905,N2023_179508_MINNESOTA,0.9,Chippewa County,15418.65,0.375,0.07818063435157195,0.0,0.0,0.0,0.0
27073,714114,696866,84461,105559,79695,110325,0.12120120654473027,0.1514767544979953,N2023_179508_MINNESOTA,0.9,Lac qui Parle County,30183.0,0.875,0.09848660822705649,0.8,0.8,0.8,0.8
27127,1553489,1518153,37864,49082,36956,49990,0.02494083270921969,0.03233007476848512,N2023_179508_MINNESOTA,0.9,Redwood County,8089.0,0.125,0.0211692704215449,0.0,0.0,0.0,0.0
27129,759270,733846,70365,90730,68078,93017,0.09588524022751367,0.12363629426337405,N2023_179508_MINNESOTA,0.9,Renville County,17595.0,0.625,0.08033255762425501,0.0,0.0,0.0,0.0
55013,2022,2016,0,2,0,2,0.0,0.000992063492063492,N2023_179829_WISCONSIN,0.9,Burnett County,0.0,0.41666666666666663,0.0,0.0,0.0,0.0,0.20000000000000004
55031,110,110,1,4,0,5,0.00909090909090909,0.03636363636363636,N2023_179829_WISCONSIN,0.9,Douglas County,0.0,0.8333333333333334,0.0,0.6000000000000001,0.6000000000000001,0.6000000000000001,0.20000000000000004
55129,990,979,0,0,0,0,0.0,0.0,N2023_179829_WISCONSIN,0.9,Washburn County,0.0,0.25,0.0,0.0,0.0,0.0,0.20000000000000004
46025,359646,351248,7802,18757,6315,20244,0.02221222611943698,0.05340101580649569,N2023_180114_SOUTHDAKOTA,0.9,Clark County,559279.16,0.5833333333333334,0.011793559147457638,0.0,0.0,0.0,0.0
46029,26704,25611,1847,5166,1551,5462,0.07211744953340361,0.2017102026473,N2023_180114_SOUTHDAKOTA,0.9,Codington County,207969.0,0.9166666666666666,0.03887831275469345,1.0,1.0,1.0,1.0
46057,23077,22239,254,1160,210,1204,0.011421376860470345,0.05216061873285669,N2023_180114_SOUTHDAKOTA,0.9,Hamlin County,37665.33,0.4166666666666667,0.005544941476162241,0.0,0.0,0.0,0.0
46059,28615,27456,96,459,74,481,0.0034965034965034965,0.016717657342657344,N2023_180114_SOUTHDAKOTA,0.9,Hand County,1496122.4500000002,0.16666666666666666,0.0015549354491662185,0.0,0.0,0.0,0.0
46069,10168,9784,60,104,56,108,0.006132461161079314,0.01062959934587081,N2023_180114_SOUTHDAKOTA,0.9,Hyde County,296135.0,0.16666666666666666,0.004345719390690773,0.0,0.0,0.0,0.0
46115,127354,123637,4246,9563,4053,9756,0.03434247029610877,0.07734739600604996,N2023_180114_SOUTHDAKOTA,0.9,Spink County,5315021.18,0.75,0.023200032191607694,0.20000000000000018,0.20000000000000018,0.20000000000000018,0.20000000000000018
19009,5363,5347,0,0,0,0,0.0,0.0,N2024_191762_IOWA,0.9,Audubon County,21414.25,0.05,0.0,0.0,0.0,0.0,0.0
19015,442309,441755,1792,2498,1715,2575,0.004056547181129811,0.005654718112981178,N2024_191762_IOWA,0.9,Boone County,171603.0,0.45,0.0032339456270680284,0.0,0.0,0.0,0.0
19023,19519,19472,17,26,15,28,0.0008730484798685292,0.0013352506162695153,N2024_191762_IOWA,0.9,Butler County,1372665.19,0.25,0.0005915086864655476,0.0,0.0,0.0,0.0
19033,1223301,1223117,2639,4184,2532,4291,0.0021576022571839,0.003420768413814868,N2024_191762_IOWA,0.9,Cerro Gordo County,636893.8200000001,0.35,0.0016458208504974224,0.0,0.0,0.0,0.0
19069,1297332,1296876,12939,16252,12384,16807,0.009977052547814903,0.01253165298764107,N2024_191762_IOWA,0.9,Franklin County,1331086.0,0.75,0.00829261050012158,0.0,0.0,0.0,0.0
19077,279063,278423,193,177,56,314,0.0006931898585964522,0.0006357233418216167,N2024_191762_IOWA,0.9,Guthrie County,70955.0,0.15,0.00011850181405001889,0.0,0.0,0.0,0.0
19081,734116,733478,4778,6946,4642,7082,0.006514169477475807,0.009469950018950807,N2024_191762_IOWA,0.9,Hancock County,1505229.3,0.6000000000000001,0.005238511910647581,0.0,0.0,0.0,0.0
19083,842780,842481,12328,13985,11597,14716,0.014632970951273678,0.016599780885266254,N2024_191762_IOWA,0.9,Hardin County,965265.04,0.8999999999999999,0.01230654468090356,1.0,1.0,1.0,1.0
19153,231975,231314,3274,4485,2961,4798,0.014153920644664827,0.019389228494600414,N2024_191762_IOWA,0.9,Polk County,134965.5,0.8999999999999999,0.010350277678341431,1.0,1.0,1.0,1.0
19169,934418,933236,6309,7541,5554,8296,0.006760347864848763,0.00808048553634879,N2024_191762_IOWA,0.9,Story County,351558.2,0.6000000000000001,0.004967815134417262,0.0,0.0,0.0,0.0
29009,2225,2208,36,31,26,41,0.016304347826086956,0.014039855072463768,N2025_202615_MISSOURI,0.9,Barry County,23309.0,0.6785714285714286,0.009621332626369742,0.0,0.0,0.0,0.8000000000000003
29039,210,210,5,6,4,7,0.023809523809523808,0.02857142857142857,N2025_202615_MISSOURI,0.9,Cedar County,208968.3,0.7857142857142857,0.014965986394557821,0.8000000000000003,0.0,0.8000000000000003,1.0
29043,154,153,0,1,0,1,0.0,0.006535947712418301,N2025_202615_MISSOURI,0.9,Christian County,2256.0,0.375,0.0,0.0,0.0,0.0,0.0
29057,77,77,4,4,4,4,0.05194805194805195,0.05194805194805195,N2025_202615_MISSOURI,0.9,Dade County,207812.0,0.8928571428571429,0.05194805194805195,1.0,1.0,1.0,1.0
29067,16,16,1,1,0,2,0.0625,0.0625,N2025_202615_MISSOURI,0.9,Douglas County,0.0,0.9642857142857143,0.0,1.0,1.0,1.0,0.0
29077,192,186,0,0,0,0,0.0,0.0,N2025_202615_MISSOURI,0.9,Greene County,13975.0,0.25,0.0,0.0,0.0,0.0,0.0
29109,1071,1051,1,18,1,18,0.0009514747859181732,0.017126546146527116,N2025_202615_MISSOURI,0.9,Lawrence County,127470.0,0.6428571428571428,0.0005021672481234802,0.0,0.0,0.0,0.0
29119,7,7,0,0,0,0,0.0,0.0,N2025_202615_MISSOURI,0.9,McDonald County,38140.0,0.25,0.0,0.0,0.0,0.0,0.0
29153,1,1,0,0,0,0,0.0,0.0,N2025_202615_MISSOURI,0.9,Ozark County,0.0,0.25,0.0,0.0,0.0,0.0,0.0
29167,2090,2052,23,91,13,101,0.011208576998050682,0.04434697855750487,N2025_202615_MISSOURI,0.9,Polk County,108260.6,0.75,0.003575357535753575,0.0,0.8000000000000003,0.0,0.0
29209,93,93,0,0,0,0,0.0,0.0,N2025_202615_MISSOURI,0.9,Stone County,0.0,0.25,0.0,0.0,0.0,0.0,0.0
29213,14,14,0,0,0,0,0.0,0.0,N2025_202615_MISSOURI,0.9,Taney County,0.0,0.25,0.0,0.0,0.0,0.0,0.0
29225,251,251,0,2,0,2,0.0,0.00796812749003984,N2025_202615_MISSOURI,0.9,Webster County,33701.6,0.4107142857142857,0.0,0.0,0.0,0.0,0.0
29229,3,3,0,0,0,0,0.0,0.0,N2025_202615_MISSOURI,0.9,Wright County,0.0,0.25,0.0,0.0,0.0,0.0,0.0
27023,416596,409493,33458,42614,31276,44796,0.08170591438681492,0.10406527095701269,N2023_179508_MINNESOTA,0.95,Chippewa County,15418.65,0.375,0.06485154470057095,0.0,0.0,0.0,0.0
27073,569617,562627,67076,83612,63362,87326,0.1192193051524367,0.14861000271938601,N2023_179508_MINNESOTA,0.95,Lac qui Parle County,30183.0,0.875,0.097165796013641,0.8,0.8,0.8,0.8
27127,1263823,1249094,21895,29525,21294,30126,0.01752870480524284,0.023637132193413787,N2023_179508_MINNESOTA,0.95,Redwood County,8089.0,0.125,0.014548651215717225,0.0,0.0,0.0,0.0
27129,518655,510892,44977,58796,43408,60365,0.08803621900519092,0.11508498860815984,N2023_179508_MINNESOTA,0.95,Renville County,17595.0,0.625,0.07303143692603603,0.0,0.0,0.0,0.0
55013,2012,2007,0,2,0,2,0.0,0.000996512207274539,N2023_179829_WISCONSIN,0.95,Burnett County,0.0,0.41666666666666663,0.0,0.0,0.0,0.0,0.20000000000000004
55031,110,110,1,4,0,5,0.00909090909090909,0.03636363636363636,N2023_179829_WISCONSIN,0.95,Douglas County,0.0,0.8333333333333334,0.0,0.6000000000000001,0.6000000000000001,0.6000000000000001,0.20000000000000004
55129,990,979,0,0,0,0,0.0,0.0,N2023_179829_WISCONSIN,0.95,Washburn County,0.0,0.25,0.0,0.0,0.0,0.0,0.20000000000000004
46025,286216,283201,4512,11853,3966,12399,0.015932147132248827,0.0418536657709542,N2023_180114_SOUTHDAKOTA,0.95,Clark County,559279.16,0.5,0.00924181522599013,0.0,0.0,0.0,0.0
46029,15347,15077,605,2607,515,2697,0.04012734628904954,0.17291238310008622,N2023_180114_SOUTHDAKOTA,0.95,Codington County,207969.0,0.9166666666666666,0.020340278204561534,1.0,1.0,1.0,0.20000000000000018
46057,15436,15180,112,651,96,667,0.007378129117259552,0.04288537549407115,N2023_180114_SOUTHDAKOTA,0.95,Hamlin County,37665.33,0.5,0.00361716375014074,0.0,0.0,0.0,0.0
46059,17150,16842,48,223,35,236,0.0028500178126113287,0.013240707754423466,N2023_180114_SOUTHDAKOTA,0.95,Hand County,1496122.4500000002,0.25,0.0011931682094199528,0.0,0.0,0.0,0.0
46069,5856,5806,8,19,6,21,0.0013778849466069584,0.003272476748191526,N2023_180114_SOUTHDAKOTA,0.95,Hyde County,296135.0,0.08333333333333333,0.0006643373849712121,0.0,0.0,0.0,0.0
46115,95093,93792,2809,6220,2696,6333,0.029949249402934152,0.06631695667007848,N2023_180114_SOUTHDAKOTA,0.95,Spink County,5315021.18,0.75,0.020490580417877945,0.20000000000000018,0.20000000000000018,0.20000000000000018,1.0
19009,5093,5093,0,0,0,0,0.0,0.0,N2024_191762_IOWA,0.95,Audubon County,21414.25,0.05,0.0,0.0,0.0,0.0,0.0
19015,438380,438104,1776,2483,1704,2555,0.004053831966838924,0.005667604039223563,N2024_191762_IOWA,0.95,Boone County,171603.0,0.45,0.0032417469577946142,0.0,0.0,0.0,0.0
19023,19263,19239,17,26,15,28,0.0008836218098653776,0.0013514215915588128,N2024_191762_IOWA,0.95,Butler County,1372665.19,0.25,0.0005986723396671937,0.0,0.0,0.0,0.0
19033,1222114,1222022,2639,4177,2532,4284,0.0021595355893756414,0.0034181054023577316,N2024_191762_IOWA,0.95,Cerro Gordo County,636893.8200000001,0.35,0.0016482944667447362,0.0,0.0,0.0,0.0
19069,1293538,1293354,12912,16199,12358,16753,0.009983345626951322,0.012524799861445514,N2024_191762_IOWA,0.95,Franklin County,1331086.0,0.75,0.008301667222157468,0.0,0.0,0.0,0.0
19077,272961,272753,180,172,56,296,0.0006599377458726393,0.0006306071793894109,N2024_191762_IOWA,0.95,Guthrie County,70955.0,0.15,0.00012207857401127505,0.0,0.0,0.0,0.0
19081,728960,728682,4677,6820,4544,6953,0.006418437672400306,0.009359363892617082,N2024_191762_IOWA,0.95,Hancock County,1505229.3,0.6000000000000001,0.005155640033901842,0.0,0.0,0.0,0.0
19083,839562,839508,12283,13942,11557,14668,0.014631188743883323,0.016607346207540608,N2024_191762_IOWA,0.95,Hardin County,965265.04,0.8999999999999999,0.012306509013962583,1.0,1.0,1.0,1.0
19153,225889,225685,3218,4404,2911,4711,0.014258812061058555,0.019513924274985047,N2024_191762_IOWA,0.95,Polk County,134965.5,0.8999999999999999,0.01043434891469146,1.0,1.0,1.0,1.0
19169,923201,922890,6229,7415,5516,8128,0.006749450096977971,0.008034543661758172,N2024_191762_IOWA,0.95,Story County,351558.2,0.6000000000000001,0.005016517567248312,0.0,0.0,0.0,0.0
29009,2010,2009,29,25,20,34,0.01443504230960677,0.012444001991040319,N2025_202615_MISSOURI,0.95,Barry County,23309.0,0.6785714285714286,0.007905601264896202,0.0,0.0,0.0,0.8000000000000003
29039,210,210,5,6,4,7,0.023809523809523808,0.02857142857142857,N2025_202615_MISSOURI,0.95,Cedar County,208968.3,0.7857142857142857,0.014965986394557821,0.8000000000000003,0.0,0.8000000000000003,1.0
29043,138,138,0,1,0,1,0.0,0.007246376811594203,N2025_202615_MISSOURI,0.95,Christian County,2256.0,0.375,0.0,0.0,0.0,0.0,0.0
29057,77,77,4,4,4,4,0.05194805194805195,0.05194805194805195,N2025_202615_MISSOURI,0.95,Dade County,207812.0,0.8928571428571429,0.05194805194805195,1.0,1.0,1.0,1.0
29067,16,16,1,1,0,2,0.0625,0.0625,N2025_202615_MISSOURI,0.95,Douglas County,0.0,0.9642857142857143,0.0,1.0,1.0,1.0,0.0
29077,138,137,0,0,0,0,0.0,0.0,N2025_202615_MISSOURI,0.95,Greene County,13975.0,0.25,0.0,0.0,0.0,0.0,0.0
29109,853,848,1,18,1,18,0.0011792452830188679,0.02122641509433962,N2025_202615_MISSOURI,0.95,Lawrence County,127470.0,0.6428571428571428,0.0006223794549266246,0.0,0.0,0.0,0.0
29119,7,7,0,0,0,0,0.0,0.0,N2025_202615_MISSOURI,0.95,McDonald County,38140.0,0.25,0.0,0.0,0.0,0.0,0.0
29153,1,1,0,0,0,0,0.0,0.0,N2025_202615_MISSOURI,0.95,Ozark County,0.0,0.25,0.0,0.0,0.0,0.0,0.0
29167,1878,1857,23,91,13,101,0.012385568120624663,0.04900376952073236,N2025_202615_MISSOURI,0.95,Polk County,108260.6,0.75,0.003950798957117036,0.0,0.8000000000000003,0.0,0.0
29209,93,93,0,0,0,0,0.0,0.0,N2025_202615_MISSOURI,0.95,Stone County,0.0,0.25,0.0,0.0,0.0,0.0,0.0
29213,14,14,0,0,0,0,0.0,0.0,N2025_202615_MISSOURI,0.95,Taney County,0.0,0.25,0.0,0.0,0.0,0.0,0.0
29225,251,251,0,2,0,2,0.0,0.00796812749003984,N2025_202615_MISSOURI,0.95,Webster County,33701.6,0.4107142857142857,0.0,0.0,0.0,0.0,0.0
29229,3,3,0,0,0,0,0.0,0.0,N2025_202615_MISSOURI,0.95,Wright County,0.0,0.25,0.0,0.0,0.0,0.0,0.0
27023,181480,181155,14077,17834,13115,18796,0.0777069360492396,0.09844608208440286,N2023_179508_MINNESOTA,0.99,Chippewa County,15418.65,0.375,0.06145581061988511,0.0,0.0,0.0,0.0
27073,326765,326242,35904,44775,33929,46750,0.11005327333697071,0.13724474469872058,N2023_179508_MINNESOTA,0.99,Lac qui Parle County,30183.0,0.875,0.08973876421318684,0.8,0.8,0.8,0.8
27127,761779,760894,9391,12769,9079,13081,0.012342060786390746,0.016781575357408523,N2023_179508_MINNESOTA,0.99,Redwood County,8089.0,0.125,0.01010677672003492,0.0,0.0,0.0,0.0
27129,256559,256194,23598,30941,22815,31724,0.09210988547741165,0.12077175890145748,N2023_179508_MINNESOTA,0.99,Renville County,17595.0,0.625,0.07654921694149382,0.0,0.0,0.0,0.0
55013,1859,1859,0,2,0,2,0.0,0.0010758472296933835,N2023_179829_WISCONSIN,0.99,Burnett County,0.0,0.41666666666666663,0.0,0.0,0.0,0.0,0.20000000000000004
55031,110,110,1,4,0,5,0.00909090909090909,0.03636363636363636,N2023_179829_WISCONSIN,0.99,Douglas County,0.0,0.8333333333333334,0.0,0.6000000000000001,0.6000000000000001,0.6000000000000001,0.20000000000000004
55129,620,620,0,0,0,0,0.0,0.0,N2023_179829_WISCONSIN,0.99,Washburn County,0.0,0.25,0.0,0.0,0.0,0.0,0.20000000000000004
46025,184028,183825,2005,5420,1922,5503,0.010907112743098055,0.029484564123487014,N2023_180114_SOUTHDAKOTA,0.99,Clark County,559279.16,0.5,0.007053680077918999,0.0,0.0,0.0,0.0
46029,6326,6312,258,1115,229,1144,0.0408745247148289,0.17664765525982257,N2023_180114_SOUTHDAKOTA,0.99,Codington County,207969.0,0.9166666666666666,0.021771232174036356,1.0,1.0,1.0,1.0
46057,5877,5870,40,253,36,257,0.0068143100511073255,0.043100511073253835,N2023_180114_SOUTHDAKOTA,0.99,Hamlin County,37665.33,0.5,0.0034959796896439723,0.0,0.0,0.0,0.0
46059,7251,7242,9,48,7,50,0.0012427506213753107,0.006628003314001657,N2023_180114_SOUTHDAKOTA,0.99,Hand County,1496122.4500000002,0.16666666666666666,0.0005509527754763878,0.0,0.0,0.0,0.0
46069,3713,3704,7,16,5,18,0.0018898488120950325,0.004319654427645789,N2023_180114_SOUTHDAKOTA,0.99,Hyde County,296135.0,0.16666666666666666,0.0008624310055195585,0.0,0.0,0.0,0.0
46115,53440,53373,1328,2969,1288,3009,0.024881494388548517,0.05562737713825342,N2023_180114_SOUTHDAKOTA,0.99,Spink County,5315021.18,0.75,0.017230878452396296,0.20000000000000018,0.20000000000000018,0.20000000000000018,0.20000000000000018
19009,5093,5093,0,0,0,0,0.0,0.0,N2024_191762_IOWA,0.99,Audubon County,21414.25,0.05,0.0,0.0,0.0,0.0,0.0
19015,429388,429380,1725,2422,1655,2492,0.004017420466719456,0.005640691229214216,N2024_191762_IOWA,0.99,Boone County,171603.0,0.45,0.0032070976839426624,0.0,0.0,0.0,0.0
19023,18561,18559,17,26,15,28,0.0009159976291826068,0.0014009375505145752,N2024_191762_IOWA,0.99,Butler County,1372665.19,0.25,0.000620607637418888,0.0,0.0,0.0,0.0
19033,1218928,1218916,2638,4174,2532,4280,0.002164218042916821,0.0034243540982315432,N2024_191762_IOWA,0.99,Cerro Gordo County,636893.8200000001,0.35,0.0016530683015639786,0.0,0.0,0.0,0.0
19069,1287279,1287270,12894,16174,12341,16727,0.010016546645225943,0.012564574642460401,N2024_191762_IOWA,0.99,Franklin County,1331086.0,0.75,0.00833005373980203,0.0,0.0,0.0,0.0
19077,266032,266023,180,168,56,292,0.0006766332234430857,0.0006315243418802133,N2024_191762_IOWA,0.99,Guthrie County,70955.0,0.15,0.00012543976653785059,0.0,0.0,0.0,0.0
19081,719614,719599,4654,6763,4521,6896,0.006467490922027407,0.009398289880891997,N2024_191762_IOWA,0.99,Hancock County,1505229.3,0.6000000000000001,0.005200782700840967,0.0,0.0,0.0,0.0
19083,838437,838422,12283,13942,11557,14668,0.014650140382766673,0.01662885754429154,N2024_191762_IOWA,0.99,Hardin County,965265.04,0.8999999999999999,0.012322449517419272,1.0,1.0,1.0,1.0
19153,219381,219369,2928,4163,2678,4413,0.013347373603380605,0.018977157209997767,N2024_191762_IOWA,0.99,Polk County,134965.5,0.8999999999999999,0.009807964368709185,1.0,1.0,1.0,1.0
19169,912018,912004,6136,7313,5430,8019,0.006728040666488305,0.008018605181556221,N2024_191762_IOWA,0.99,Story County,351558.2,0.6000000000000001,0.004992785070138533,0.0,0.0,0.0,0.0
29009,1985,1985,29,25,20,34,0.014609571788413099,0.012594458438287154,N2025_202615_MISSOURI,0.99,Barry County,23309.0,0.7142857142857143,0.008001185360794192,0.0,0.0,0.0,0.8000000000000003
29039,210,210,5,6,4,7,0.023809523809523808,0.02857142857142857,N2025_202615_MISSOURI,0.99,Cedar County,208968.3,0.8214285714285714,0.014965986394557821,0.8000000000000003,0.8000000000000003,0.8000000000000003,1.0
29043,138,138,0,1,0,1,0.0,0.007246376811594203,N2025_202615_MISSOURI,0.99,Christian County,2256.0,0.375,0.0,0.0,0.0,0.0,0.0
29057,77,77,4,4,4,4,0.05194805194805195,0.05194805194805195,N2025_202615_MISSOURI,0.99,Dade County,207812.0,0.8928571428571429,0.05194805194805195,1.0,1.0,1.0,1.0
29067,16,16,1,1,0,2,0.0625,0.0625,N2025_202615_MISSOURI,0.99,Douglas County,0.0,0.9642857142857143,0.0,1.0,1.0,1.0,0.0
29077,93,93,0,0,0,0,0.0,0.0,N2025_202615_MISSOURI,0.99,Greene County,13975.0,0.25,0.0,0.0,0.0,0.0,0.0
29109,646,646,1,6,1,6,0.0015479876160990713,0.009287925696594427,N2025_202615_MISSOURI,0.99,Lawrence County,127470.0,0.6071428571428571,0.0009029927760577915,0.0,0.0,0.0,0.0
29119,7,7,0,0,0,0,0.0,0.0,N2025_202615_MISSOURI,0.99,McDonald County,38140.0,0.25,0.0,0.0,0.0,0.0,0.0
29153,1,1,0,0,0,0,0.0,0.0,N2025_202615_MISSOURI,0.99,Ozark County,0.0,0.25,0.0,0.0,0.0,0.0,0.0
29167,1309,1309,15,35,9,41,0.01145912910618793,0.026737967914438502,N2025_202615_MISSOURI,0.99,Polk County,108260.6,0.7142857142857143,0.004192364307141925,0.0,0.0,0.0,0.0
29209,93,93,0,0,0,0,0.0,0.0,N2025_202615_MISSOURI,0.99,Stone County,0.0,0.25,0.0,0.0,0.0,0.0,0.0
29213,14,14,0,0,0,0,0.0,0.0,N2025_202615_MISSOURI,0.99,Taney County,0.0,0.25,0.0,0.0,0.0,0.0,0.0
29225,251,251,0,2,0,2,0.0,0.00796812749003984,N2025_202615_MISSOURI,0.99,Webster County,33701.6,0.4107142857142857,0.0,0.0,0.0,0.0,0.0
29229,3,3,0,0,0,0,0.0,0.0,N2025_202615_MISSOURI,0.99,Wright County,0.0,0.25,0.0,0.0,0.0,0.0,0.0
