threshold,event_id,eligible_cells,active_cells,assigned_cells,unassigned_cells,eligible_pixels,common_pixels
0.9,N2023_179508_MINNESOTA,16649,11171,16649,0,3683837,3581469
0.95,N2023_179508_MINNESOTA,12643,7677,12643,0,2779027,2742390
0.99,N2023_179508_MINNESOTA,7241,3518,7241,0,1535047,1532947
0.9,N2023_179829_WISCONSIN,222,6,222,0,3122,3105
0.95,N2023_179829_WISCONSIN,221,6,221,0,3112,3096
0.99,N2023_179829_WISCONSIN,215,6,215,0,2589,2589
0.9,N2023_180114_SOUTHDAKOTA,3413,2221,3413,0,577293,561690
0.95,N2023_180114_SOUTHDAKOTA,2628,1568,2628,0,436656,431454
0.99,N2023_180114_SOUTHDAKOTA,1718,859,1718,0,262125,261816
0.9,N2024_191762_IOWA,28653,6010,28653,0,6023257,6018580
0.95,N2024_191762_IOWA,28456,5958,28456,0,5982042,5980411
0.99,N2024_191762_IOWA,28179,5904,28179,0,5927812,5927716
0.9,N2025_202615_MISSOURI,574,34,574,0,6404,6322
0.95,N2025_202615_MISSOURI,562,33,562,0,5689,5661
0.99,N2025_202615_MISSOURI,549,29,549,0,4843,4843
