threshold,comparison,events,mean_lift_difference,ci95_low,ci95_high,exact_sign_flip_p,exact_sign_flip_p_greater,exact_sign_flip_p_two_sided
0.9,AWC minus s30_water_fraction,4,0.0989027579142353,0.0,0.2967082737427059,0.5,0.5,1.0
0.9,AWC minus l30_water_fraction,4,0.23073766924010908,0.0,0.6922130077203272,0.5,0.5,1.0
0.9,AWC minus consensus_rank,4,0.0989027579142353,0.0,0.2967082737427059,0.5,0.5,1.0
0.95,AWC minus s30_water_fraction,4,0.7443689071866569,0.0,1.936398447817265,0.25,0.25,0.5
0.95,AWC minus l30_water_fraction,4,0.8762038185125307,0.0,1.936398447817265,0.25,0.25,0.5
0.95,AWC minus consensus_rank,4,0.7443689071866569,0.0,1.936398447817265,0.25,0.25,0.5
0.99,AWC minus s30_water_fraction,4,0.0989027579142353,0.0,0.2967082737427059,0.5,0.5,1.0
0.99,AWC minus l30_water_fraction,4,0.0989027579142353,0.0,0.2967082737427059,0.5,0.5,1.0
0.99,AWC minus consensus_rank,4,0.0989027579142353,0.0,0.2967082737427059,0.5,0.5,1.0
