threshold,event_id,scale_km,n_cells,k,topk_overlap,spearman,kendall
0.9,N2023_179508_MINNESOTA,0.5,16649,3330,0.9183183183183183,0.9412022665523904,0.8619420320303035
0.9,N2023_179508_MINNESOTA,1.0,5381,1077,0.9266480965645311,0.9687026428188438,0.8833890682195491
0.9,N2023_179508_MINNESOTA,2.0,1453,291,0.9381443298969072,0.9861162522372982,0.9089713125735446
0.9,N2023_179508_MINNESOTA,5.0,261,53,0.9433962264150944,0.9943824623213937,0.9393457117595049
0.9,N2023_179508_MINNESOTA,10.0,77,16,1.0,0.9956885220043115,0.9542036910457962
0.9,N2023_179508_MINNESOTA,20.0,25,5,0.8,0.9930769230769231,0.9533333333333331
0.9,N2023_179508_MINNESOTA,30.0,15,3,1.0,1.0,1.0
0.95,N2023_179508_MINNESOTA,0.5,12643,2529,0.9185448793989719,0.9312864063630298,0.8592265953838659
0.95,N2023_179508_MINNESOTA,1.0,4843,969,0.9267285861713106,0.9560075763227468,0.8731632601871728
0.95,N2023_179508_MINNESOTA,2.0,1416,284,0.9401408450704225,0.9784938387900178,0.895402946535681
0.95,N2023_179508_MINNESOTA,5.0,260,52,0.9230769230769231,0.9941746976229733,0.9373329373329371
0.95,N2023_179508_MINNESOTA,10.0,77,16,0.9375,0.995714811504285,0.9569377990430622
0.95,N2023_179508_MINNESOTA,20.0,25,5,0.8,0.9930769230769231,0.9466666666666665
0.95,N2023_179508_MINNESOTA,30.0,15,3,1.0,1.0,1.0
0.99,N2023_179508_MINNESOTA,0.5,7241,1449,0.9227053140096618,0.9285311277100113,0.8739876029343202
0.99,N2023_179508_MINNESOTA,1.0,3642,729,0.9368998628257887,0.9416994949305565,0.8801192223999903
0.99,N2023_179508_MINNESOTA,2.0,1263,253,0.9486166007905138,0.9594324742092994,0.8897632375214355
0.99,N2023_179508_MINNESOTA,5.0,257,52,0.9615384615384616,0.9724873753953688,0.9085045412991568
0.99,N2023_179508_MINNESOTA,10.0,77,16,0.9375,0.9867294172029092,0.9423442284480535
0.99,N2023_179508_MINNESOTA,20.0,25,5,1.0,0.9976923076923077,0.9866666666666666
0.99,N2023_179508_MINNESOTA,30.0,15,3,1.0,0.9964285714285712,0.980952380952381
0.9,N2023_179829_WISCONSIN,0.5,222,45,0.9333333333333333,-0.010209976527144879,-0.010168694653486814
0.9,N2023_179829_WISCONSIN,1.0,164,33,0.9090909090909091,-0.013887669040790567,-0.013811733111860966
0.9,N2023_179829_WISCONSIN,2.0,109,22,0.8636363636363636,-0.021091667750333363,-0.020918488014116877
0.9,N2023_179829_WISCONSIN,5.0,59,12,0.6666666666666666,-0.039905205837040804,-0.03923530128589652
0.9,N2023_179829_WISCONSIN,10.0,29,6,0.3333333333333333,-0.08576669123077632,-0.08287419301647449
0.9,N2023_179829_WISCONSIN,20.0,17,4,0.0,-0.13713245325054632,-0.13130643285972254
0.9,N2023_179829_WISCONSIN,30.0,8,2,0.0,-0.3514998201309974,-0.32232918561015206
0.95,N2023_179829_WISCONSIN,0.5,221,45,0.9333333333333333,-0.010256807792805777,-0.010215149431261243
0.95,N2023_179829_WISCONSIN,1.0,164,33,0.9090909090909091,-0.013887669040790567,-0.013811733111860966
0.95,N2023_179829_WISCONSIN,2.0,109,22,0.8636363636363636,-0.021091667750333363,-0.020918488014116877
0.95,N2023_179829_WISCONSIN,5.0,59,12,0.6666666666666666,-0.039905205837040804,-0.03923530128589652
0.95,N2023_179829_WISCONSIN,10.0,29,6,0.3333333333333333,-0.08576669123077632,-0.08287419301647449
0.95,N2023_179829_WISCONSIN,20.0,17,4,0.0,-0.13713245325054632,-0.13130643285972254
0.95,N2023_179829_WISCONSIN,30.0,8,2,0.0,-0.3514998201309974,-0.32232918561015206
0.99,N2023_179829_WISCONSIN,0.5,215,43,0.9302325581395349,-0.010547072207326343,-0.010503042857200518
0.99,N2023_179829_WISCONSIN,1.0,164,33,0.9090909090909091,-0.013887669040790567,-0.013811733111860966
0.99,N2023_179829_WISCONSIN,2.0,109,22,0.8636363636363636,-0.021091667750333363,-0.020918488014116877
0.99,N2023_179829_WISCONSIN,5.0,59,12,0.6666666666666666,-0.039905205837040804,-0.03923530128589652
0.99,N2023_179829_WISCONSIN,10.0,29,6,0.3333333333333333,-0.08576669123077632,-0.08287419301647449
0.99,N2023_179829_WISCONSIN,20.0,17,4,0.0,-0.13713245325054632,-0.13130643285972254
0.99,N2023_179829_WISCONSIN,30.0,8,2,0.0,-0.3514998201309974,-0.32232918561015206
0.9,N2023_180114_SOUTHDAKOTA,0.5,3413,683,0.6749633967789166,0.7605766802316134,0.6444703091459896
0.9,N2023_180114_SOUTHDAKOTA,1.0,1570,314,0.643312101910828,0.7609911515928482,0.6359831628515302
0.9,N2023_180114_SOUTHDAKOTA,2.0,686,138,0.6594202898550725,0.755115199303021,0.6316204175039049
0.9,N2023_180114_SOUTHDAKOTA,5.0,197,40,0.6,0.7440593052740279,0.628640315503374
0.9,N2023_180114_SOUTHDAKOTA,10.0,72,15,0.7333333333333333,0.7946865478350834,0.6780020070401216
0.9,N2023_180114_SOUTHDAKOTA,20.0,27,6,0.6666666666666666,0.8333099013929952,0.7740240644444195
0.9,N2023_180114_SOUTHDAKOTA,30.0,18,4,0.75,0.9557428872497368,0.8741258741258742
0.95,N2023_180114_SOUTHDAKOTA,0.5,2628,526,0.6806083650190115,0.7561712034265659,0.6507847996646915
0.95,N2023_180114_SOUTHDAKOTA,1.0,1294,259,0.667953667953668,0.7505416372959636,0.6360170447796478
0.95,N2023_180114_SOUTHDAKOTA,2.0,587,118,0.652542372881356,0.7526264252948294,0.6347874726725106
0.95,N2023_180114_SOUTHDAKOTA,5.0,181,37,0.5675675675675675,0.6868444581370605,0.5839646329791132
0.95,N2023_180114_SOUTHDAKOTA,10.0,69,14,0.5,0.6801068472168377,0.5673955147628189
0.95,N2023_180114_SOUTHDAKOTA,20.0,26,6,0.8333333333333334,0.7762898056978228,0.6971747590621267
0.95,N2023_180114_SOUTHDAKOTA,30.0,17,4,0.75,0.9652605459057072,0.8923076923076924
0.99,N2023_180114_SOUTHDAKOTA,0.5,1718,344,0.6947674418604651,0.739634059701841,0.6573109324387344
0.99,N2023_180114_SOUTHDAKOTA,1.0,941,189,0.671957671957672,0.7192457109520294,0.6343275781513611
0.99,N2023_180114_SOUTHDAKOTA,2.0,454,91,0.6263736263736264,0.7241369380968538,0.639240919414571
0.99,N2023_180114_SOUTHDAKOTA,5.0,155,31,0.6451612903225806,0.6640827045944989,0.5711332947772668
0.99,N2023_180114_SOUTHDAKOTA,10.0,62,13,0.6153846153846154,0.6381781134921453,0.5582273494952366
0.99,N2023_180114_SOUTHDAKOTA,20.0,26,6,0.5,0.6688734095144586,0.639842555821822
0.99,N2023_180114_SOUTHDAKOTA,30.0,17,4,0.75,0.9538263234396277,0.8594799233872417
0.9,N2024_191762_IOWA,0.5,28653,5731,0.787820624672832,0.868768549501292,0.8412940160117691
0.9,N2024_191762_IOWA,1.0,7899,1580,0.8936708860759494,0.8883586040501165,0.8361387844456979
0.9,N2024_191762_IOWA,2.0,2183,437,0.9084668192219679,0.9105140761244264,0.8296784187553415
0.9,N2024_191762_IOWA,5.0,426,86,0.9186046511627907,0.9134261413803972,0.8218141777916085
0.9,N2024_191762_IOWA,10.0,136,28,0.9285714285714286,0.9389431501447761,0.8350494132833448
0.9,N2024_191762_IOWA,20.0,45,9,1.0,0.9416337285902502,0.8585858585858585
0.9,N2024_191762_IOWA,30.0,27,6,0.8333333333333334,0.9810687022900763,0.9199999999999999
0.95,N2024_191762_IOWA,0.5,28456,5692,0.7882993675333801,0.8701375880640864,0.8427679423876511
0.95,N2024_191762_IOWA,1.0,7850,1570,0.8955414012738854,0.8902203049851775,0.8382039582183135
0.95,N2024_191762_IOWA,2.0,2178,436,0.908256880733945,0.9153684570473868,0.8346719092295738
0.95,N2024_191762_IOWA,5.0,424,85,0.9176470588235294,0.9188713017162359,0.8272003079772274
0.95,N2024_191762_IOWA,10.0,136,28,0.9285714285714286,0.9469976133651551,0.8481095890410958
0.95,N2024_191762_IOWA,20.0,45,9,1.0,0.939262187088274,0.8545454545454545
0.95,N2024_191762_IOWA,30.0,27,6,1.0,0.9810687022900763,0.9199999999999999
0.99,N2024_191762_IOWA,0.5,28179,5636,0.7885024840312278,0.8704948053292894,0.8431371509790354
0.99,N2024_191762_IOWA,1.0,7798,1560,0.8961538461538462,0.8898485782873451,0.838032450271375
0.99,N2024_191762_IOWA,2.0,2169,434,0.9078341013824884,0.9156586274168528,0.8348732191454842
0.99,N2024_191762_IOWA,5.0,421,85,0.9176470588235294,0.9274763371890864,0.8326092239444919
0.99,N2024_191762_IOWA,10.0,135,27,0.9629629629629629,0.9482659347361998,0.846777777777778
0.99,N2024_191762_IOWA,20.0,45,9,1.0,0.937812911725955,0.8383838383838383
0.99,N2024_191762_IOWA,30.0,27,6,1.0,0.979236641221374,0.9142857142857143
0.9,N2025_202615_MISSOURI,0.5,574,115,0.8782608695652174,0.5054886341374251,0.4992885684706643
0.9,N2025_202615_MISSOURI,1.0,458,92,0.8695652173913043,0.5037108849929431,0.4961924953201246
0.9,N2025_202615_MISSOURI,2.0,357,72,0.8333333333333334,0.510510518895497,0.5016830054211843
0.9,N2025_202615_MISSOURI,5.0,203,41,0.8048780487804879,0.5392076298050387,0.5270909471105926
0.9,N2025_202615_MISSOURI,10.0,104,21,0.7142857142857143,0.6410622230898674,0.6132021583477199
0.9,N2025_202615_MISSOURI,20.0,48,10,0.7,0.7803330280349983,0.7243972799848395
0.9,N2025_202615_MISSOURI,30.0,24,5,0.6,0.7350433715502741,0.6634345548480732
0.95,N2025_202615_MISSOURI,0.5,562,113,0.8761061946902655,0.4836965450863318,0.477770562060182
0.95,N2025_202615_MISSOURI,1.0,450,90,0.8666666666666667,0.4790303705914605,0.47192243661610533
0.95,N2025_202615_MISSOURI,2.0,356,72,0.8333333333333334,0.48554423495931814,0.47742663381815537
0.95,N2025_202615_MISSOURI,5.0,202,41,0.8048780487804879,0.5382218225372077,0.5260998666070186
0.95,N2025_202615_MISSOURI,10.0,104,21,0.7142857142857143,0.6440545683560531,0.6147604865773202
0.95,N2025_202615_MISSOURI,20.0,48,10,0.7,0.7842031213611965,0.7288009108662064
0.95,N2025_202615_MISSOURI,30.0,24,5,0.6,0.7372758495200548,0.6634345548480732
0.99,N2025_202615_MISSOURI,0.5,549,110,0.8818181818181818,0.5015456467478546,0.497091186086492
0.99,N2025_202615_MISSOURI,1.0,444,89,0.8539325842696629,0.46923875332111076,0.46399277864551364
0.99,N2025_202615_MISSOURI,2.0,353,71,0.8169014084507042,0.4778857729346243,0.4716343567726739
0.99,N2025_202615_MISSOURI,5.0,202,41,0.8048780487804879,0.563583915927783,0.5514416895849813
0.99,N2025_202615_MISSOURI,10.0,104,21,0.6666666666666666,0.5978747491515973,0.5771031772383702
0.99,N2025_202615_MISSOURI,20.0,48,10,0.7,0.7478659112081298,0.7105067365859639
0.99,N2025_202615_MISSOURI,30.0,24,5,0.6,0.7143929503298033,0.652189901376072
