threshold,scale_km,events,events_ge20_units,topk_overlap_mean,topk_overlap_ci95_low,topk_overlap_ci95_high,spearman_mean,spearman_ci95_low,spearman_ci95_high,kendall_mean,kendall_ci95_low,kendall_ci95_high
0.9,0.5,5,5,0.8385393085337236,0.74620582666558,0.9163128345737042,0.6131652307791151,0.2832121942216762,0.8761036624677956,0.5673652462010479,0.2620153001043946,0.8101884810460269
0.9,1.0,5,5,0.8484574422067043,0.7434556155768766,0.9130297794773659,0.6215751228827922,0.286150104137883,0.8950227290661538,0.5675783555450081,0.25817921608604794,0.8150077736364049
0.9,2.0,5,5,0.8406002271887288,0.7440122044241038,0.9113717323748227,0.628232875761982,0.286670353576359,0.9096751712052941,0.5702069332479717,0.2537211920268351,0.8217839760323354
0.9,5.0,5,5,0.7867091186050079,0.6676422764227643,0.9057759607872515,0.6302340665887634,0.27368059860738664,0.911935302535522,0.5755311701758367,0.2462398442089023,0.8333884520361432
0.9,10.0,5,5,0.741904761904762,0.5285714285714287,0.9285714285714286,0.6569227503686524,0.2664146043955676,0.9327899784266517,0.5995166153401016,0.23992579851632825,0.8621725289536906
0.9,20.0,5,4,0.6333333333333334,0.29333333333333333,0.8800000000000001,0.6822442255689241,0.2621138793747219,0.9405462409454683,0.6358068206977456,0.23781276799830606,0.8885966277141394
0.9,30.0,5,2,0.6366666666666667,0.3,0.8866666666666667,0.664071028191818,0.1361087822314564,0.9835760583659778,0.627046248672759,0.13928939960352343,0.9428251748251748
0.95,0.5,5,5,0.8393784279949925,0.7497338683978773,0.9159725240309753,0.6062069870294416,0.2768425056141889,0.8718038384561597,0.5640669500130258,0.2579786112308099,0.8109547750415451
0.95,1.0,5,5,0.853196246231288,0.758988761281755,0.913436078359665,0.6123824440309116,0.2786749879583671,0.8885994799823624,0.5610989933378756,0.25373823909976717,0.8117502963181241
0.95,2.0,5,5,0.8395819591310841,0.7398434665422693,0.9124025498557092,0.6221882576682438,0.2801526140996672,0.9080702033939276,0.5642740948483607,0.24986861580107572,0.8189874368406039
0.95,5.0,5,5,0.7759672529830348,0.6546693034497912,0.8972652025162786,0.6196414148352873,0.2674755013484642,0.9025872913630957,0.5670724887220799,0.24711885414531132,0.8330597973166114
0.95,10.0,5,5,0.6827380952380953,0.47619047619047616,0.8892857142857142,0.6362214298423109,0.26675042160577583,0.9156393232468126,0.5808658392815645,0.2333765049508983,0.8572637001866201
0.95,20.0,5,4,0.6666666666666666,0.32666666666666666,0.9066666666666666,0.671139916794734,0.2608309266068916,0.9389565524033732,0.6191762716561463,0.23156018300568268,0.8783440427215161
0.95,30.0,5,2,0.67,0.32,0.95,0.6664210555169682,0.13655527782541252,0.985479590097172,0.6306826123091227,0.13928939960352343,0.9464615384615385
0.99,0.5,5,5,0.8436051959718143,0.7591020247244571,0.917538785223315,0.605931713456334,0.27968711156717735,0.8675371851560886,0.5722047659162763,0.2617438416987852,0.8183120880530892
0.99,1.0,5,5,0.8536069748595757,0.7613410925936935,0.9176270779974484,0.6012289736900501,0.2738550482258591,0.8764683714775666,0.5605320592712758,0.25211800591626116,0.8141261846988183
0.99,2.0,5,5,0.8326724201267393,0.7212787212787213,0.9153075535964735,0.6112044289814594,0.2748086487785847,0.8948638282698316,0.5629186489680096,0.24875042237516148,0.8177027665496821
0.99,5.0,5,5,0.7991783052263453,0.6857067925517966,0.912649817900894,0.6175450254539392,0.27426892712114936,0.8928020259526818,0.564890689664,0.25326900193435675,0.8219129074853887
0.99,10.0,5,5,0.7031695156695157,0.510576923076923,0.8935185185185185,0.6170563046704151,0.25776812203909366,0.9016337634740725,0.5683156679885928,0.23127650964471824,0.8464075625234351
0.99,20.0,5,4,0.64,0.3,0.9400000000000001,0.643022417378061,0.23905779229775498,0.9237752700089311,0.6088186729197137,0.21686141912529858,0.8876452788411319
0.99,30.0,5,2,0.67,0.32,0.95,0.6584769332576758,0.13126441227307648,0.9810313497479036,0.6169157468782513,0.13323094509959937,0.9299912227726864
