threshold,score,events,total_candidate_counties,mean_capture,mean_lift,ci95_low,ci95_high,exact_sign_flip_p,events_above_one
0.9,agreement_weighted_score,4,34,0.30926247435244,1.5463123717621996,0.8207776265439114,2.3471384160541753,0.25,2
0.9,consensus_rank,4,34,0.2894819227695929,1.4474096138479644,0.8207776265439114,2.0740416011520173,0.25,2
0.9,l30_water_fraction,4,34,0.2631149405044182,1.3155747025220907,0.8207776265439114,1.81037177850027,0.25,2
0.9,s30_water_fraction,4,34,0.2894819227695929,1.4474096138479644,0.8207776265439114,2.0740416011520173,0.25,2
0.95,agreement_weighted_score,4,34,0.43835570420692427,2.1917785210346215,1.266009076904598,3.1175479651646447,0.125,3
0.95,consensus_rank,4,34,0.2894819227695929,1.4474096138479644,0.8207776265439114,2.0740416011520173,0.25,2
0.95,l30_water_fraction,4,34,0.2631149405044182,1.3155747025220907,0.8207776265439114,1.81037177850027,0.25,2
0.95,s30_water_fraction,4,34,0.2894819227695929,1.4474096138479644,0.8207776265439114,2.0740416011520173,0.25,2
0.99,agreement_weighted_score,4,34,0.30926247435244,1.5463123717621996,0.8207776265439114,2.3471384160541753,0.25,2
0.99,consensus_rank,4,34,0.2894819227695929,1.4474096138479644,0.8207776265439114,2.0740416011520173,0.25,2
0.99,l30_water_fraction,4,34,0.2894819227695929,1.4474096138479644,0.8207776265439114,2.0740416011520173,0.25,2
0.99,s30_water_fraction,4,34,0.2894819227695929,1.4474096138479644,0.8207776265439114,2.0740416011520173,0.25,2
