threshold,event_id,score,n_counties,target_equivalents,rma_total,capture,lift,estimable
0.9,N2023_179508_MINNESOTA,s30_water_fraction,4,0.8,71285.65,0.3387273595737712,1.693636797868856,True
0.9,N2023_179508_MINNESOTA,l30_water_fraction,4,0.8,71285.65,0.3387273595737712,1.693636797868856,True
0.9,N2023_179508_MINNESOTA,consensus_rank,4,0.8,71285.65,0.3387273595737712,1.693636797868856,True
0.9,N2023_179508_MINNESOTA,agreement_weighted_score,4,0.8,71285.65,0.3387273595737712,1.693636797868856,True
0.9,N2023_179829_WISCONSIN,s30_water_fraction,3,0.6000000000000001,0.0,,,False
0.9,N2023_179829_WISCONSIN,l30_water_fraction,3,0.6000000000000001,0.0,,,False
0.9,N2023_179829_WISCONSIN,consensus_rank,3,0.6000000000000001,0.0,,,False
0.9,N2023_179829_WISCONSIN,agreement_weighted_score,3,0.6000000000000001,0.0,,,False
0.9,N2023_180114_SOUTHDAKOTA,s30_water_fraction,6,1.2000000000000002,7912192.12,0.16063477942949658,0.8031738971474829,True
0.9,N2023_180114_SOUTHDAKOTA,l30_water_fraction,6,1.2000000000000002,7912192.12,0.16063477942949658,0.8031738971474829,True
0.9,N2023_180114_SOUTHDAKOTA,consensus_rank,6,1.2000000000000002,7912192.12,0.16063477942949658,0.8031738971474829,True
0.9,N2023_180114_SOUTHDAKOTA,agreement_weighted_score,6,1.2000000000000002,7912192.12,0.16063477942949658,0.8031738971474829,True
0.9,N2024_191762_IOWA,s30_water_fraction,10,2.0,6561635.3,0.16767627118806802,0.83838135594034,True
0.9,N2024_191762_IOWA,l30_water_fraction,10,2.0,6561635.3,0.16767627118806802,0.83838135594034,True
0.9,N2024_191762_IOWA,consensus_rank,10,2.0,6561635.3,0.16767627118806802,0.83838135594034,True
0.9,N2024_191762_IOWA,agreement_weighted_score,10,2.0,6561635.3,0.16767627118806802,0.83838135594034,True
0.9,N2025_202615_MISSOURI,s30_water_fraction,14,2.8000000000000003,763892.5,0.4908892808870358,2.454446404435179,True
0.9,N2025_202615_MISSOURI,l30_water_fraction,14,2.8000000000000003,763892.5,0.38542135182633686,1.9271067591316842,True
0.9,N2025_202615_MISSOURI,consensus_rank,14,2.8000000000000003,763892.5,0.4908892808870358,2.454446404435179,True
0.9,N2025_202615_MISSOURI,agreement_weighted_score,14,2.8000000000000003,763892.5,0.5700114872184241,2.8500574360921203,True
0.95,N2023_179508_MINNESOTA,s30_water_fraction,4,0.8,71285.65,0.3387273595737712,1.693636797868856,True
0.95,N2023_179508_MINNESOTA,l30_water_fraction,4,0.8,71285.65,0.3387273595737712,1.693636797868856,True
0.95,N2023_179508_MINNESOTA,consensus_rank,4,0.8,71285.65,0.3387273595737712,1.693636797868856,True
0.95,N2023_179508_MINNESOTA,agreement_weighted_score,4,0.8,71285.65,0.3387273595737712,1.693636797868856,True
0.95,N2023_179829_WISCONSIN,s30_water_fraction,3,0.6000000000000001,0.0,,,False
0.95,N2023_179829_WISCONSIN,l30_water_fraction,3,0.6000000000000001,0.0,,,False
0.95,N2023_179829_WISCONSIN,consensus_rank,3,0.6000000000000001,0.0,,,False
0.95,N2023_179829_WISCONSIN,agreement_weighted_score,3,0.6000000000000001,0.0,,,False
0.95,N2023_180114_SOUTHDAKOTA,s30_water_fraction,6,1.2000000000000002,7912192.12,0.16063477942949658,0.8031738971474829,True
0.95,N2023_180114_SOUTHDAKOTA,l30_water_fraction,6,1.2000000000000002,7912192.12,0.16063477942949658,0.8031738971474829,True
0.95,N2023_180114_SOUTHDAKOTA,consensus_rank,6,1.2000000000000002,7912192.12,0.16063477942949658,0.8031738971474829,True
0.95,N2023_180114_SOUTHDAKOTA,agreement_weighted_score,6,1.2000000000000002,7912192.12,0.6770076988474338,3.385038494237169,True
0.95,N2024_191762_IOWA,s30_water_fraction,10,2.0,6561635.3,0.16767627118806802,0.83838135594034,True
0.95,N2024_191762_IOWA,l30_water_fraction,10,2.0,6561635.3,0.16767627118806802,0.83838135594034,True
0.95,N2024_191762_IOWA,consensus_rank,10,2.0,6561635.3,0.16767627118806802,0.83838135594034,True
0.95,N2024_191762_IOWA,agreement_weighted_score,10,2.0,6561635.3,0.16767627118806802,0.83838135594034,True
0.95,N2025_202615_MISSOURI,s30_water_fraction,14,2.8000000000000003,763892.5,0.4908892808870358,2.454446404435179,True
0.95,N2025_202615_MISSOURI,l30_water_fraction,14,2.8000000000000003,763892.5,0.38542135182633686,1.9271067591316842,True
0.95,N2025_202615_MISSOURI,consensus_rank,14,2.8000000000000003,763892.5,0.4908892808870358,2.454446404435179,True
0.95,N2025_202615_MISSOURI,agreement_weighted_score,14,2.8000000000000003,763892.5,0.5700114872184241,2.8500574360921203,True
0.99,N2023_179508_MINNESOTA,s30_water_fraction,4,0.8,71285.65,0.3387273595737712,1.693636797868856,True
0.99,N2023_179508_MINNESOTA,l30_water_fraction,4,0.8,71285.65,0.3387273595737712,1.693636797868856,True
0.99,N2023_179508_MINNESOTA,consensus_rank,4,0.8,71285.65,0.3387273595737712,1.693636797868856,True
0.99,N2023_179508_MINNESOTA,agreement_weighted_score,4,0.8,71285.65,0.3387273595737712,1.693636797868856,True
0.99,N2023_179829_WISCONSIN,s30_water_fraction,3,0.6000000000000001,0.0,,,False
0.99,N2023_179829_WISCONSIN,l30_water_fraction,3,0.6000000000000001,0.0,,,False
0.99,N2023_179829_WISCONSIN,consensus_rank,3,0.6000000000000001,0.0,,,False
0.99,N2023_179829_WISCONSIN,agreement_weighted_score,3,0.6000000000000001,0.0,,,False
0.99,N2023_180114_SOUTHDAKOTA,s30_water_fraction,6,1.2000000000000002,7912192.12,0.16063477942949658,0.8031738971474829,True
0.99,N2023_180114_SOUTHDAKOTA,l30_water_fraction,6,1.2000000000000002,7912192.12,0.16063477942949658,0.8031738971474829,True
0.99,N2023_180114_SOUTHDAKOTA,consensus_rank,6,1.2000000000000002,7912192.12,0.16063477942949658,0.8031738971474829,True
0.99,N2023_180114_SOUTHDAKOTA,agreement_weighted_score,6,1.2000000000000002,7912192.12,0.16063477942949658,0.8031738971474829,True
0.99,N2024_191762_IOWA,s30_water_fraction,10,2.0,6561635.3,0.16767627118806802,0.83838135594034,True
0.99,N2024_191762_IOWA,l30_water_fraction,10,2.0,6561635.3,0.16767627118806802,0.83838135594034,True
0.99,N2024_191762_IOWA,consensus_rank,10,2.0,6561635.3,0.16767627118806802,0.83838135594034,True
0.99,N2024_191762_IOWA,agreement_weighted_score,10,2.0,6561635.3,0.16767627118806802,0.83838135594034,True
0.99,N2025_202615_MISSOURI,s30_water_fraction,14,2.8000000000000003,763892.5,0.4908892808870358,2.454446404435179,True
0.99,N2025_202615_MISSOURI,l30_water_fraction,14,2.8000000000000003,763892.5,0.4908892808870358,2.454446404435179,True
0.99,N2025_202615_MISSOURI,consensus_rank,14,2.8000000000000003,763892.5,0.4908892808870358,2.454446404435179,True
0.99,N2025_202615_MISSOURI,agreement_weighted_score,14,2.8000000000000003,763892.5,0.5700114872184241,2.8500574360921203,True
