product,domain,scale_m,estimable_event_count,spearman_macro_mean,spearman_macro_median,spearman_bootstrap_lower_2_5,spearman_bootstrap_upper_97_5,kendall_macro_mean,top10_event_count,top10_overlap_macro_mean
DSWx,product_active,500,7,0.404427754083,0.640094396115,-0.0526826554968,0.792511820135,0.3442098149,6,0.805926794283
DSWx,product_active,1000,7,0.418631065774,0.648738018272,-0.045115931152,0.807746406946,0.360043841936,6,0.787696299301
DSWx,product_active,2000,7,0.434219161346,0.76889063409,-0.034625465146,0.825577055697,0.37350733156,6,0.79687516905
DSWx,product_active,5000,7,0.447394459449,0.786762241466,-0.0108957291988,0.86681884054,0.401717766391,6,0.810828856959
DSWx,product_active,10000,7,0.555405264658,0.838037342597,0.0929175440007,0.911150524299,0.4891694237,6,0.761396011396
DSWx,product_active,20000,7,0.5774748649,0.885714285714,0.110647565479,0.927244307052,0.532830289598,6,0.833333333333
DSWx,product_active,30000,7,0.610751918054,0.9,0.137602528025,0.952927072927,0.566233830338,5,0.7
DSWx,shared_active,500,7,0.426055197554,0.641611945866,0.0181642420334,0.787728603376,0.364160189568,0,
DSWx,shared_active,1000,7,0.440413040335,0.652334676826,0.00725684290529,0.808036785295,0.380326069443,0,
DSWx,shared_active,2000,7,0.45601312722,0.772268699238,0.0375819991187,0.828929454363,0.393688134225,0,
DSWx,shared_active,5000,7,0.468400307325,0.790801743996,0.04193537204,0.867455121425,0.420421521758,0,
DSWx,shared_active,10000,7,0.577921900537,0.838037342597,0.158102801825,0.908392773461,0.509792530251,0,
DSWx,shared_active,20000,7,0.602580272024,0.885714285714,0.174148534432,0.927965323713,0.554882302213,0,
DSWx,shared_active,30000,7,0.610751918054,0.9,0.138591539014,0.951748251748,0.566233830338,0,
MNDWI,product_active,500,6,0.700588379653,0.644791685927,0.585164231185,0.818265782274,0.615321927097,5,0.828552828921
MNDWI,product_active,1000,6,0.74691052986,0.74163025177,0.657105677685,0.836715382036,0.650618398072,5,0.823186012314
MNDWI,product_active,2000,6,0.757920932617,0.765497105617,0.679989431194,0.835793551134,0.647814611628,5,0.837266194281
MNDWI,product_active,5000,6,0.77783260371,0.807988989251,0.705673505662,0.840401121112,0.664194969102,5,0.836806722689
MNDWI,product_active,10000,6,0.618688508714,0.732372978944,0.360535730609,0.790257239217,0.519307226737,5,0.830952380952
MNDWI,product_active,20000,6,0.672897006053,0.818522739157,0.379937414659,0.889686456869,0.591230012761,5,0.883333333333
MNDWI,product_active,30000,6,0.761967964678,0.902197731203,0.445301298011,0.948582324538,0.682648690961,3,0.833333333333
MNDWI,shared_active,500,6,0.691135963577,0.655691028342,0.560395159215,0.82484110477,0.65198714423,0,
MNDWI,shared_active,1000,6,0.70163243541,0.685510384061,0.585054740591,0.819153558227,0.656484486644,0,
MNDWI,shared_active,2000,6,0.719468865391,0.726499641356,0.621279408069,0.821089957694,0.663177880043,0,
MNDWI,shared_active,5000,6,0.746379181595,0.766257242971,0.665101854685,0.823554213824,0.67089556824,0,
MNDWI,shared_active,10000,6,0.741181139427,0.760299832104,0.646410923936,0.826698235848,0.65340521957,0,
MNDWI,shared_active,20000,6,0.782930714653,0.851370504983,0.650996936064,0.904894683961,0.705028989505,0,
MNDWI,shared_active,30000,6,0.8548583608,0.926495410037,0.708849779079,0.959554786603,0.775227796326,0,
AWEI,product_active,500,5,0.569920889301,0.467437380915,0.314121166882,0.82572061172,0.50482772504,5,0.658572294246
AWEI,product_active,1000,5,0.58375399815,0.462744359386,0.343613080715,0.823894915585,0.511523252466,5,0.679616210122
AWEI,product_active,2000,5,0.588236213029,0.418698155179,0.370311030926,0.806161395133,0.506529066422,5,0.677474747475
AWEI,product_active,5000,5,0.671336688514,0.540455060709,0.50267819257,0.839995184458,0.560451126593,5,0.680714285714
AWEI,product_active,10000,5,0.689597509636,0.625008145836,0.551735044141,0.83426872756,0.568710088983,5,0.727272727273
AWEI,product_active,20000,5,0.716993562828,0.743724107937,0.552772916442,0.857560921565,0.599789626356,5,0.733333333333
AWEI,product_active,30000,5,0.880582486988,0.924953827155,0.775703115805,0.956897891013,0.770981497807,3,0.555555555556
AWEI,shared_active,500,6,0.603963684587,0.601802454536,0.394527894344,0.810493592298,0.585036139839,0,
AWEI,shared_active,1000,6,0.618005678048,0.610445328581,0.433896028775,0.803379843877,0.594519283545,0,
AWEI,shared_active,2000,6,0.637307782929,0.616206295688,0.481488095838,0.799195056318,0.604797908765,0,
AWEI,shared_active,5000,6,0.75268906572,0.75023949726,0.620643759394,0.891492086599,0.693488740615,0,
AWEI,shared_active,10000,6,0.785059852147,0.78155121121,0.667359317806,0.902860837782,0.703084119993,0,
AWEI,shared_active,20000,6,0.823404483358,0.798108312957,0.725886793487,0.920775173181,0.730287393531,0,
AWEI,shared_active,30000,6,0.922276384255,0.929448512345,0.854357897011,0.975291902786,0.836535605265,0,
