event_id,county_fips,county_name,state_fips,bbox_intersection_fraction,noaa_record_count,noaa_flood_record_count,noaa_crop_damage_usd,noaa_property_damage_usd,noaa_event_ids,noaa_event_types,rma_record_count,rma_indemnity_usd,rma_policies_indemnified,rma_net_determined_quantity,rma_loss_months,rma_cause_codes,fema_declaration_count,fema_disaster_numbers,fema_incident_types,event_start,event_end,event_year,role,region_name,noaa_harmed,rma_harmed,any_noaa_flood_record,selection_phase,regime,noaa_location_used_in_blind_discovery,noaa_damage_hidden_during_blind_discovery,rma_used_in_blind_discovery,fema_role
C2_2025_LOWER_OHIO,17003,Alexander County,17,0.965727835967707,0,0,0.0,0.0,,,5,171499.56,21.0,3736.5532,4,31|51,0,,,2025-04-02,2025-04-16,2025,untouched_primary_confirmation,Lower Ohio Valley,False,True,False,legacy_exact_pair_screen,flash_or_mixed,False,False,False,official coverage only
C2_2025_LOWER_OHIO,17005,Bond County,17,0.6821605993857219,0,0,0.0,0.0,,,5,104389.3,18.0,1482.47095,4,31,0,,,2025-04-02,2025-04-16,2025,untouched_primary_confirmation,Lower Ohio Valley,False,True,False,legacy_exact_pair_screen,flash_or_mixed,False,False,False,official coverage only
C2_2025_LOWER_OHIO,17021,Christian County,17,0.3699328315360666,0,0,0.0,0.0,,,4,23942.0,11.0,752.9350000000001,4,31|44,0,,,2025-04-02,2025-04-16,2025,untouched_primary_confirmation,Lower Ohio Valley,False,True,False,legacy_exact_pair_screen,flash_or_mixed,False,False,False,official coverage only
C2_2025_LOWER_OHIO,17023,Clark County,17,1.0,0,0,0.0,0.0,,,0,0.0,0.0,0.0,,,0,,,2025-04-02,2025-04-16,2025,untouched_primary_confirmation,Lower Ohio Valley,False,False,False,legacy_exact_pair_screen,flash_or_mixed,False,False,False,official coverage only
C2_2025_LOWER_OHIO,17025,Clay County,17,0.9999999999999998,0,0,0.0,0.0,,,7,135572.34999999998,27.0,1194.06529,4,31,0,,,2025-04-02,2025-04-16,2025,untouched_primary_confirmation,Lower Ohio Valley,False,True,False,legacy_exact_pair_screen,flash_or_mixed,False,False,False,official coverage only
C2_2025_LOWER_OHIO,17027,Clinton County,17,0.6414972056997196,0,0,0.0,0.0,,,7,235728.65,25.0,995.625,4,31,0,,,2025-04-02,2025-04-16,2025,untouched_primary_confirmation,Lower Ohio Valley,False,True,False,legacy_exact_pair_screen,flash_or_mixed,False,False,False,official coverage only
C2_2025_LOWER_OHIO,17029,Coles County,17,0.4199677749700927,0,0,0.0,0.0,,,3,7481.9,9.0,163.44889999999998,4,31,0,,,2025-04-02,2025-04-16,2025,untouched_primary_confirmation,Lower Ohio Valley,False,True,False,legacy_exact_pair_screen,flash_or_mixed,False,False,False,official coverage only
C2_2025_LOWER_OHIO,17033,Crawford County,17,0.9999999999999998,0,0,0.0,0.0,,,9,125093.15,23.0,1462.88454,4,31,0,,,2025-04-02,2025-04-16,2025,untouched_primary_confirmation,Lower Ohio Valley,False,True,False,legacy_exact_pair_screen,flash_or_mixed,False,False,False,official coverage only
C2_2025_LOWER_OHIO,17035,Cumberland County,17,1.0,0,0,0.0,0.0,,,3,51664.85,8.0,184.7062,4,31,0,,,2025-04-02,2025-04-16,2025,untouched_primary_confirmation,Lower Ohio Valley,False,True,False,legacy_exact_pair_screen,flash_or_mixed,False,False,False,official coverage only
C2_2025_LOWER_OHIO,17045,Edgar County,17,0.0466154334577875,0,0,0.0,0.0,,,0,0.0,0.0,0.0,,,0,,,2025-04-02,2025-04-16,2025,untouched_primary_confirmation,Lower Ohio Valley,False,False,False,legacy_exact_pair_screen,flash_or_mixed,False,False,False,official coverage only
C2_2025_LOWER_OHIO,17047,Edwards County,17,0.9999999999999996,0,0,0.0,0.0,,,6,623661.9,25.0,1763.77886,4,31,0,,,2025-04-02,2025-04-16,2025,untouched_primary_confirmation,Lower Ohio Valley,False,True,False,legacy_exact_pair_screen,flash_or_mixed,False,False,False,official coverage only
C2_2025_LOWER_OHIO,17049,Effingham County,17,0.9999999999999998,1,1,0.0,0.0,1248148,Flash Flood,5,15249.5,15.0,364.21004,4,31|44,0,,,2025-04-02,2025-04-16,2025,untouched_primary_confirmation,Lower Ohio Valley,False,True,True,legacy_exact_pair_screen,flash_or_mixed,False,False,False,official coverage only
C2_2025_LOWER_OHIO,17051,Fayette County,17,1.0000000000000002,0,0,0.0,0.0,,,6,70306.25,29.0,1617.37765,4,31,0,,,2025-04-02,2025-04-16,2025,untouched_primary_confirmation,Lower Ohio Valley,False,True,False,legacy_exact_pair_screen,flash_or_mixed,False,False,False,official coverage only
C2_2025_LOWER_OHIO,17055,Franklin County,17,0.9999999999999994,0,0,0.0,0.0,,,7,196092.9,19.0,1538.29181,4,31|44,0,,,2025-04-02,2025-04-16,2025,untouched_primary_confirmation,Lower Ohio Valley,False,True,False,legacy_exact_pair_screen,flash_or_mixed,False,False,False,official coverage only
C2_2025_LOWER_OHIO,17059,Gallatin County,17,1.0,0,0,0.0,0.0,,,7,818210.1499999999,30.0,3186.3370000000004,4,31|44,0,,,2025-04-02,2025-04-16,2025,untouched_primary_confirmation,Lower Ohio Valley,False,True,False,legacy_exact_pair_screen,flash_or_mixed,False,False,False,official coverage only
C2_2025_LOWER_OHIO,17065,Hamilton County,17,0.9999999999999998,0,0,0.0,0.0,,,10,620719.52,46.0,5106.345249999999,4,31|44,0,,,2025-04-02,2025-04-16,2025,untouched_primary_confirmation,Lower Ohio Valley,False,True,False,legacy_exact_pair_screen,flash_or_mixed,False,False,False,official coverage only
C2_2025_LOWER_OHIO,17069,Hardin County,17,1.0000000000000009,0,0,0.0,0.0,,,0,0.0,0.0,0.0,,,0,,,2025-04-02,2025-04-16,2025,untouched_primary_confirmation,Lower Ohio Valley,False,False,False,legacy_exact_pair_screen,flash_or_mixed,False,False,False,official coverage only
C2_2025_LOWER_OHIO,17077,Jackson County,17,0.7720984939545419,0,0,0.0,0.0,,,2,9413.9,5.0,279.3423,4,31,0,,,2025-04-02,2025-04-16,2025,untouched_primary_confirmation,Lower Ohio Valley,False,True,False,legacy_exact_pair_screen,flash_or_mixed,False,False,False,official coverage only
C2_2025_LOWER_OHIO,17079,Jasper County,17,0.9999999999999996,0,0,0.0,0.0,,,4,43434.15,28.0,1318.58151,4,31,0,,,2025-04-02,2025-04-16,2025,untouched_primary_confirmation,Lower Ohio Valley,False,True,False,legacy_exact_pair_screen,flash_or_mixed,False,False,False,official coverage only
C2_2025_LOWER_OHIO,17081,Jefferson County,17,1.0000000000000004,0,0,0.0,0.0,,,9,259652.0,41.0,1349.05995,4,31|44,0,,,2025-04-02,2025-04-16,2025,untouched_primary_confirmation,Lower Ohio Valley,False,True,False,legacy_exact_pair_screen,flash_or_mixed,False,False,False,official coverage only
C2_2025_LOWER_OHIO,17087,Johnson County,17,1.0000000000000002,0,0,0.0,0.0,,,1,2055.0,1.0,65.0,4,31,0,,,2025-04-02,2025-04-16,2025,untouched_primary_confirmation,Lower Ohio Valley,False,True,False,legacy_exact_pair_screen,flash_or_mixed,False,False,False,official coverage only
C2_2025_LOWER_OHIO,17101,Lawrence County,17,1.0000000000000002,2,2,0.0,0.0,1249312|1249321,Flash Flood,6,28079.95,14.0,324.813145,4,31,0,,,2025-04-02,2025-04-16,2025,untouched_primary_confirmation,Lower Ohio Valley,False,True,True,legacy_exact_pair_screen,flash_or_mixed,False,False,False,official coverage only
C2_2025_LOWER_OHIO,17121,Marion County,17,1.0000000000000004,1,1,0.0,100000.0,1244061,Flash Flood,7,208432.16,46.0,2096.1737000000003,4,31,0,,,2025-04-02,2025-04-16,2025,untouched_primary_confirmation,Lower Ohio Valley,False,True,True,legacy_exact_pair_screen,flash_or_mixed,False,False,False,official coverage only
C2_2025_LOWER_OHIO,17127,Massac County,17,0.9999999999999992,0,0,0.0,0.0,,,3,223246.5,8.0,754.8252,4,31,0,,,2025-04-02,2025-04-16,2025,untouched_primary_confirmation,Lower Ohio Valley,False,True,False,legacy_exact_pair_screen,flash_or_mixed,False,False,False,official coverage only
C2_2025_LOWER_OHIO,17135,Montgomery County,17,0.4933971457428542,0,0,0.0,0.0,,,6,43125.4,21.0,1181.462725,4,31|44,0,,,2025-04-02,2025-04-16,2025,untouched_primary_confirmation,Lower Ohio Valley,False,True,False,legacy_exact_pair_screen,flash_or_mixed,False,False,False,official coverage only
C2_2025_LOWER_OHIO,17139,Moultrie County,17,0.0716866297209794,0,0,0.0,0.0,,,0,0.0,0.0,0.0,,,0,,,2025-04-02,2025-04-16,2025,untouched_primary_confirmation,Lower Ohio Valley,False,False,False,legacy_exact_pair_screen,flash_or_mixed,False,False,False,official coverage only
C2_2025_LOWER_OHIO,17145,Perry County,17,0.7931696061685825,0,0,0.0,0.0,,,6,69955.1,13.0,780.5106999999999,4,31,0,,,2025-04-02,2025-04-16,2025,untouched_primary_confirmation,Lower Ohio Valley,False,True,False,legacy_exact_pair_screen,flash_or_mixed,False,False,False,official coverage only
C2_2025_LOWER_OHIO,17151,Pope County,17,0.9999999999999996,0,0,0.0,0.0,,,3,131865.0,8.0,511.8162,4,31,0,,,2025-04-02,2025-04-16,2025,untouched_primary_confirmation,Lower Ohio Valley,False,True,False,legacy_exact_pair_screen,flash_or_mixed,False,False,False,official coverage only
C2_2025_LOWER_OHIO,17153,Pulaski County,17,1.0000000000000002,0,0,0.0,0.0,,,3,165796.5,13.0,2462.9718000000003,4,31,0,,,2025-04-02,2025-04-16,2025,untouched_primary_confirmation,Lower Ohio Valley,False,True,False,legacy_exact_pair_screen,flash_or_mixed,False,False,False,official coverage only
C2_2025_LOWER_OHIO,17159,Richland County,17,1.0000000000000002,0,0,0.0,0.0,,,8,87889.6,35.0,951.3996499999998,4,31,0,,,2025-04-02,2025-04-16,2025,untouched_primary_confirmation,Lower Ohio Valley,False,True,False,legacy_exact_pair_screen,flash_or_mixed,False,False,False,official coverage only
C2_2025_LOWER_OHIO,17165,Saline County,17,1.0,0,0,0.0,0.0,,,4,209162.5,11.0,761.615,4,31,0,,,2025-04-02,2025-04-16,2025,untouched_primary_confirmation,Lower Ohio Valley,False,True,False,legacy_exact_pair_screen,flash_or_mixed,False,False,False,official coverage only
C2_2025_LOWER_OHIO,17173,Shelby County,17,0.7969870267649631,0,0,0.0,0.0,,,3,9542.1,12.0,274.48049,4,31,0,,,2025-04-02,2025-04-16,2025,untouched_primary_confirmation,Lower Ohio Valley,False,True,False,legacy_exact_pair_screen,flash_or_mixed,False,False,False,official coverage only
C2_2025_LOWER_OHIO,17181,Union County,17,0.990674961646046,0,0,0.0,0.0,,,1,15612.0,5.0,493.724,4,31,0,,,2025-04-02,2025-04-16,2025,untouched_primary_confirmation,Lower Ohio Valley,False,True,False,legacy_exact_pair_screen,flash_or_mixed,False,False,False,official coverage only
C2_2025_LOWER_OHIO,17185,Wabash County,17,1.0000000000000009,0,0,0.0,0.0,,,8,72761.79999999999,21.0,892.63609,4,31,0,,,2025-04-02,2025-04-16,2025,untouched_primary_confirmation,Lower Ohio Valley,False,True,False,legacy_exact_pair_screen,flash_or_mixed,False,False,False,official coverage only
C2_2025_LOWER_OHIO,17189,Washington County,17,0.672280834602151,1,1,0.0,0.0,1244065,Flash Flood,6,253937.4,26.0,1709.41475,4,31,0,,,2025-04-02,2025-04-16,2025,untouched_primary_confirmation,Lower Ohio Valley,False,True,True,legacy_exact_pair_screen,flash_or_mixed,False,False,False,official coverage only
C2_2025_LOWER_OHIO,17191,Wayne County,17,1.0000000000000009,0,0,0.0,0.0,,,10,1003941.39,62.0,4300.05145,4,31,0,,,2025-04-02,2025-04-16,2025,untouched_primary_confirmation,Lower Ohio Valley,False,True,False,legacy_exact_pair_screen,flash_or_mixed,False,False,False,official coverage only
C2_2025_LOWER_OHIO,17193,White County,17,1.0000000000000002,0,0,0.0,0.0,,,5,1059678.5,36.0,4494.921600000001,4,31|44,0,,,2025-04-02,2025-04-16,2025,untouched_primary_confirmation,Lower Ohio Valley,False,True,False,legacy_exact_pair_screen,flash_or_mixed,False,False,False,official coverage only
C2_2025_LOWER_OHIO,17199,Williamson County,17,1.0000000000000002,0,0,0.0,0.0,,,2,11671.5,2.0,48.1232,4,31,0,,,2025-04-02,2025-04-16,2025,untouched_primary_confirmation,Lower Ohio Valley,False,True,False,legacy_exact_pair_screen,flash_or_mixed,False,False,False,official coverage only
C2_2025_LOWER_OHIO,18005,Bartholomew County,18,0.22803095513043,2,2,0.0,500000.0,1241688|1241701,Flash Flood|Flood,6,149129.0,12.0,799.07,4,31,1,4882,Flood,2025-04-02,2025-04-16,2025,untouched_primary_confirmation,Lower Ohio Valley,False,True,True,legacy_exact_pair_screen,flash_or_mixed,False,False,False,official coverage only
C2_2025_LOWER_OHIO,18013,Brown County,18,1.0,2,2,0.0,600000.0,1241668|1241685,Flash Flood,0,0.0,0.0,0.0,,,1,4882,Flood,2025-04-02,2025-04-16,2025,untouched_primary_confirmation,Lower Ohio Valley,False,False,True,legacy_exact_pair_screen,flash_or_mixed,False,False,False,official coverage only
C2_2025_LOWER_OHIO,18021,Clay County,18,0.7906179301768521,1,1,0.0,100000.0,1241678,Flash Flood,4,36163.0,5.0,261.23,4,31,1,4882,Flood,2025-04-02,2025-04-16,2025,untouched_primary_confirmation,Lower Ohio Valley,False,True,True,legacy_exact_pair_screen,flash_or_mixed,False,False,False,official coverage only
C2_2025_LOWER_OHIO,18025,Crawford County,18,0.999999999999998,0,0,0.0,0.0,,,1,1034.0,1.0,27.5,4,31,1,4882,Flood,2025-04-02,2025-04-16,2025,untouched_primary_confirmation,Lower Ohio Valley,False,True,False,legacy_exact_pair_screen,flash_or_mixed,False,False,False,official coverage only
C2_2025_LOWER_OHIO,18027,Daviess County,18,0.999999999999999,1,1,0.0,250000.0,1241690,Flash Flood,2,4723.0,4.0,133.39999999999998,4,31,0,,,2025-04-02,2025-04-16,2025,untouched_primary_confirmation,Lower Ohio Valley,False,True,True,legacy_exact_pair_screen,flash_or_mixed,False,False,False,official coverage only
C2_2025_LOWER_OHIO,18037,Dubois County,18,0.9999999999999996,0,0,0.0,0.0,,,1,405.0,1.0,12.8,4,31,0,,,2025-04-02,2025-04-16,2025,untouched_primary_confirmation,Lower Ohio Valley,False,True,False,legacy_exact_pair_screen,flash_or_mixed,False,False,False,official coverage only
C2_2025_LOWER_OHIO,18043,Floyd County,18,0.0825547007494983,0,0,0.0,0.0,,,1,60704.0,2.0,160.18,4,44,1,4882,Flood,2025-04-02,2025-04-16,2025,untouched_primary_confirmation,Lower Ohio Valley,False,True,False,legacy_exact_pair_screen,flash_or_mixed,False,False,False,official coverage only
C2_2025_LOWER_OHIO,18051,Gibson County,18,1.0000000000000004,0,0,0.0,0.0,,,2,2732.4,8.0,289.4484,4,31,0,,,2025-04-02,2025-04-16,2025,untouched_primary_confirmation,Lower Ohio Valley,False,True,False,legacy_exact_pair_screen,flash_or_mixed,False,False,False,official coverage only
C2_2025_LOWER_OHIO,18055,Greene County,18,1.0000000000000004,1,1,0.0,50000.0,1241687,Flash Flood,3,13792.75,5.0,117.6194,4,31,1,4882,Flood,2025-04-02,2025-04-16,2025,untouched_primary_confirmation,Lower Ohio Valley,False,True,True,legacy_exact_pair_screen,flash_or_mixed,False,False,False,official coverage only
C2_2025_LOWER_OHIO,18061,Harrison County,18,0.8471985509396125,0,0,0.0,0.0,,,2,14535.0,2.0,50.74,4,31|44,1,4882,Flood,2025-04-02,2025-04-16,2025,untouched_primary_confirmation,Lower Ohio Valley,False,True,False,legacy_exact_pair_screen,flash_or_mixed,False,False,False,official coverage only
C2_2025_LOWER_OHIO,18071,Jackson County,18,0.5677694286958197,0,0,0.0,0.0,,,11,426471.5,57.0,3121.3088,4,31|44,0,,,2025-04-02,2025-04-16,2025,untouched_primary_confirmation,Lower Ohio Valley,False,True,False,legacy_exact_pair_screen,flash_or_mixed,False,False,False,official coverage only
C2_2025_LOWER_OHIO,18081,Johnson County,18,0.4507723307910394,1,1,0.0,25000.0,1241694,Flash Flood,2,64296.0,4.0,1827.07,4,31,0,,,2025-04-02,2025-04-16,2025,untouched_primary_confirmation,Lower Ohio Valley,False,True,True,legacy_exact_pair_screen,flash_or_mixed,False,False,False,official coverage only
C2_2025_LOWER_OHIO,18083,Knox County,18,1.0000000000000002,1,1,0.0,50000.0,1241676,Flash Flood,5,62983.05,9.0,695.316,4,31,0,,,2025-04-02,2025-04-16,2025,untouched_primary_confirmation,Lower Ohio Valley,False,True,True,legacy_exact_pair_screen,flash_or_mixed,False,False,False,official coverage only
C2_2025_LOWER_OHIO,18093,Lawrence County,18,1.0,2,2,0.0,525000.0,1241669|1241682,Flash Flood,3,26280.0,3.0,321.72,4,31,1,4882,Flood,2025-04-02,2025-04-16,2025,untouched_primary_confirmation,Lower Ohio Valley,False,True,True,legacy_exact_pair_screen,flash_or_mixed,False,False,False,official coverage only
C2_2025_LOWER_OHIO,18101,Martin County,18,1.0,1,1,0.0,50000.0,1241695,Flash Flood,2,9438.0,3.0,161.5,4,31,1,4882,Flood,2025-04-02,2025-04-16,2025,untouched_primary_confirmation,Lower Ohio Valley,False,True,True,legacy_exact_pair_screen,flash_or_mixed,False,False,False,official coverage only
C2_2025_LOWER_OHIO,18105,Monroe County,18,1.0,1,1,0.0,100000.0,1241672,Flash Flood,2,101883.0,2.0,287.28,4,31,0,,,2025-04-02,2025-04-16,2025,untouched_primary_confirmation,Lower Ohio Valley,False,True,True,legacy_exact_pair_screen,flash_or_mixed,False,False,False,official coverage only
C2_2025_LOWER_OHIO,18109,Morgan County,18,0.563642772534729,2,2,0.0,0.0,1241696|1241700,Flash Flood|Flood,0,0.0,0.0,0.0,,,1,4882,Flood,2025-04-02,2025-04-16,2025,untouched_primary_confirmation,Lower Ohio Valley,False,False,True,legacy_exact_pair_screen,flash_or_mixed,False,False,False,official coverage only
C2_2025_LOWER_OHIO,18117,Orange County,18,1.0000000000000004,0,0,0.0,0.0,,,0,0.0,0.0,0.0,,,1,4882,Flood,2025-04-02,2025-04-16,2025,untouched_primary_confirmation,Lower Ohio Valley,False,False,False,legacy_exact_pair_screen,flash_or_mixed,False,False,False,official coverage only
C2_2025_LOWER_OHIO,18119,Owen County,18,1.0,1,1,0.0,25000.0,1241679,Flash Flood,0,0.0,0.0,0.0,,,1,4882,Flood,2025-04-02,2025-04-16,2025,untouched_primary_confirmation,Lower Ohio Valley,False,False,True,legacy_exact_pair_screen,flash_or_mixed,False,False,False,official coverage only
C2_2025_LOWER_OHIO,18123,Perry County,18,1.000000000000001,0,0,0.0,0.0,,,1,711.0,1.0,22.5,4,31,1,4882,Flood,2025-04-02,2025-04-16,2025,untouched_primary_confirmation,Lower Ohio Valley,False,True,False,legacy_exact_pair_screen,flash_or_mixed,False,False,False,official coverage only
C2_2025_LOWER_OHIO,18125,Pike County,18,0.9999999999999992,0,0,0.0,0.0,,,0,0.0,0.0,0.0,,,0,,,2025-04-02,2025-04-16,2025,untouched_primary_confirmation,Lower Ohio Valley,False,False,False,legacy_exact_pair_screen,flash_or_mixed,False,False,False,official coverage only
C2_2025_LOWER_OHIO,18129,Posey County,18,1.0,0,0,0.0,0.0,,,3,6154.1,5.0,107.46801,4,31,0,,,2025-04-02,2025-04-16,2025,untouched_primary_confirmation,Lower Ohio Valley,False,True,False,legacy_exact_pair_screen,flash_or_mixed,False,False,False,official coverage only
C2_2025_LOWER_OHIO,18133,Putnam County,18,0.069397712070595,1,1,0.0,100000.0,1241675,Flash Flood,1,9094.0,2.0,287.6,4,31,0,,,2025-04-02,2025-04-16,2025,untouched_primary_confirmation,Lower Ohio Valley,False,True,True,legacy_exact_pair_screen,flash_or_mixed,False,False,False,official coverage only
C2_2025_LOWER_OHIO,18147,Spencer County,18,1.0000000000000004,0,0,0.0,0.0,,,0,0.0,0.0,0.0,,,0,,,2025-04-02,2025-04-16,2025,untouched_primary_confirmation,Lower Ohio Valley,False,False,False,legacy_exact_pair_screen,flash_or_mixed,False,False,False,official coverage only
C2_2025_LOWER_OHIO,18153,Sullivan County,18,1.0000000000000002,1,1,0.0,100000.0,1241673,Flash Flood,4,68958.5,10.0,1157.66065,4,31|44,0,,,2025-04-02,2025-04-16,2025,untouched_primary_confirmation,Lower Ohio Valley,False,True,True,legacy_exact_pair_screen,flash_or_mixed,False,False,False,official coverage only
C2_2025_LOWER_OHIO,18163,Vanderburgh County,18,1.0000000000000009,0,0,0.0,0.0,,,1,829.0,1.0,2.36,4,31,1,4882,Flood,2025-04-02,2025-04-16,2025,untouched_primary_confirmation,Lower Ohio Valley,False,True,False,legacy_exact_pair_screen,flash_or_mixed,False,False,False,official coverage only
C2_2025_LOWER_OHIO,18167,Vigo County,18,0.6853315270336758,1,1,0.0,100000.0,1241674,Flash Flood,4,7940.650000000001,8.0,94.9188,4,31,0,,,2025-04-02,2025-04-16,2025,untouched_primary_confirmation,Lower Ohio Valley,False,True,True,legacy_exact_pair_screen,flash_or_mixed,False,False,False,official coverage only
C2_2025_LOWER_OHIO,18173,Warrick County,18,1.0,0,0,0.0,0.0,,,0,0.0,0.0,0.0,,,1,4882,Flood,2025-04-02,2025-04-16,2025,untouched_primary_confirmation,Lower Ohio Valley,False,False,False,legacy_exact_pair_screen,flash_or_mixed,False,False,False,official coverage only
C2_2025_LOWER_OHIO,18175,Washington County,18,0.7758821062753473,0,0,0.0,0.0,,,4,233497.5,6.0,758.84,4,31,1,4882,Flood,2025-04-02,2025-04-16,2025,untouched_primary_confirmation,Lower Ohio Valley,False,True,False,legacy_exact_pair_screen,flash_or_mixed,False,False,False,official coverage only
C2_2025_LOWER_OHIO,21007,Ballard County,21,0.7385321337089874,0,0,0.0,0.0,,,0,0.0,0.0,0.0,,,2,3626|4864,Severe Storm,2025-04-02,2025-04-16,2025,untouched_primary_confirmation,Lower Ohio Valley,False,False,False,legacy_exact_pair_screen,flash_or_mixed,False,False,False,official coverage only
C2_2025_LOWER_OHIO,21009,Barren County,21,0.1087291126098617,1,1,0.0,0.0,1258928,Flash Flood,0,0.0,0.0,0.0,,,2,3626|4864,Severe Storm,2025-04-02,2025-04-16,2025,untouched_primary_confirmation,Lower Ohio Valley,False,False,True,legacy_exact_pair_screen,flash_or_mixed,False,False,False,official coverage only
C2_2025_LOWER_OHIO,21027,Breckinridge County,21,0.9999999999999988,0,0,0.0,0.0,,,0,0.0,0.0,0.0,,,2,3626|4864,Severe Storm,2025-04-02,2025-04-16,2025,untouched_primary_confirmation,Lower Ohio Valley,False,False,False,legacy_exact_pair_screen,flash_or_mixed,False,False,False,official coverage only
C2_2025_LOWER_OHIO,21031,Butler County,21,0.9999992252237202,2,2,0.0,0.0,1258941|1258942,Flash Flood,0,0.0,0.0,0.0,,,2,3626|4864,Severe Storm,2025-04-02,2025-04-16,2025,untouched_primary_confirmation,Lower Ohio Valley,False,False,True,legacy_exact_pair_screen,flash_or_mixed,False,False,False,official coverage only
C2_2025_LOWER_OHIO,21033,Caldwell County,21,0.9405637960303088,0,0,0.0,0.0,,,0,0.0,0.0,0.0,,,2,3626|4864,Severe Storm,2025-04-02,2025-04-16,2025,untouched_primary_confirmation,Lower Ohio Valley,False,False,False,legacy_exact_pair_screen,flash_or_mixed,False,False,False,official coverage only
C2_2025_LOWER_OHIO,21047,Christian County,21,0.2926157577609393,0,0,0.0,0.0,,,0,0.0,0.0,0.0,,,2,3626|4864,Severe Storm,2025-04-02,2025-04-16,2025,untouched_primary_confirmation,Lower Ohio Valley,False,False,False,legacy_exact_pair_screen,flash_or_mixed,False,False,False,official coverage only
C2_2025_LOWER_OHIO,21055,Crittenden County,21,0.9999999999999996,0,0,0.0,0.0,,,0,0.0,0.0,0.0,,,2,3626|4864,Severe Storm,2025-04-02,2025-04-16,2025,untouched_primary_confirmation,Lower Ohio Valley,False,False,False,legacy_exact_pair_screen,flash_or_mixed,False,False,False,official coverage only
C2_2025_LOWER_OHIO,21059,Daviess County,21,0.9999999999999984,0,0,0.0,0.0,,,0,0.0,0.0,0.0,,,2,3626|4864,Severe Storm,2025-04-02,2025-04-16,2025,untouched_primary_confirmation,Lower Ohio Valley,False,False,False,legacy_exact_pair_screen,flash_or_mixed,False,False,False,official coverage only
C2_2025_LOWER_OHIO,21061,Edmonson County,21,1.0000000000000002,3,3,0.0,0.0,1258970|1258971|1258972,Flash Flood,0,0.0,0.0,0.0,,,2,3626|4864,Severe Storm,2025-04-02,2025-04-16,2025,untouched_primary_confirmation,Lower Ohio Valley,False,False,True,legacy_exact_pair_screen,flash_or_mixed,False,False,False,official coverage only
C2_2025_LOWER_OHIO,21085,Grayson County,21,1.0000000000000009,5,5,0.0,0.0,1258933|1258943|1258952|1258953|1258954,Flash Flood,0,0.0,0.0,0.0,,,2,3626|4864,Severe Storm,2025-04-02,2025-04-16,2025,untouched_primary_confirmation,Lower Ohio Valley,False,False,True,legacy_exact_pair_screen,flash_or_mixed,False,False,False,official coverage only
C2_2025_LOWER_OHIO,21091,Hancock County,21,0.9999999999999998,0,0,0.0,0.0,,,0,0.0,0.0,0.0,,,2,3626|4864,Severe Storm,2025-04-02,2025-04-16,2025,untouched_primary_confirmation,Lower Ohio Valley,False,False,False,legacy_exact_pair_screen,flash_or_mixed,False,False,False,official coverage only
C2_2025_LOWER_OHIO,21093,Hardin County,21,0.36150431757124,2,2,0.0,0.0,1258967|1258968,Flash Flood,0,0.0,0.0,0.0,,,2,3626|4864,Severe Storm,2025-04-02,2025-04-16,2025,untouched_primary_confirmation,Lower Ohio Valley,False,False,True,legacy_exact_pair_screen,flash_or_mixed,False,False,False,official coverage only
C2_2025_LOWER_OHIO,21099,Hart County,21,0.1963654982510028,1,1,0.0,0.0,1258969,Flash Flood,0,0.0,0.0,0.0,,,2,3626|4864,Severe Storm,2025-04-02,2025-04-16,2025,untouched_primary_confirmation,Lower Ohio Valley,False,False,True,legacy_exact_pair_screen,flash_or_mixed,False,False,False,official coverage only
C2_2025_LOWER_OHIO,21101,Henderson County,21,1.0000000000000009,0,0,0.0,0.0,,,0,0.0,0.0,0.0,,,2,3626|4864,Severe Storm,2025-04-02,2025-04-16,2025,untouched_primary_confirmation,Lower Ohio Valley,False,False,False,legacy_exact_pair_screen,flash_or_mixed,False,False,False,official coverage only
C2_2025_LOWER_OHIO,21107,Hopkins County,21,0.9999999999999994,0,0,0.0,0.0,,,0,0.0,0.0,0.0,,,2,3626|4864,Severe Storm,2025-04-02,2025-04-16,2025,untouched_primary_confirmation,Lower Ohio Valley,False,False,False,legacy_exact_pair_screen,flash_or_mixed,False,False,False,official coverage only
C2_2025_LOWER_OHIO,21139,Livingston County,21,0.9949304732959724,0,0,0.0,0.0,,,0,0.0,0.0,0.0,,,2,3626|4864,Severe Storm,2025-04-02,2025-04-16,2025,untouched_primary_confirmation,Lower Ohio Valley,False,False,False,legacy_exact_pair_screen,flash_or_mixed,False,False,False,official coverage only
C2_2025_LOWER_OHIO,21141,Logan County,21,0.1273163081766012,1,1,0.0,0.0,1258962,Flash Flood,0,0.0,0.0,0.0,,,2,3626|4864,Severe Storm,2025-04-02,2025-04-16,2025,untouched_primary_confirmation,Lower Ohio Valley,False,False,True,legacy_exact_pair_screen,flash_or_mixed,False,False,False,official coverage only
C2_2025_LOWER_OHIO,21143,Lyon County,21,0.5613523306688905,0,0,0.0,0.0,,,0,0.0,0.0,0.0,,,2,3626|4864,Severe Storm,2025-04-02,2025-04-16,2025,untouched_primary_confirmation,Lower Ohio Valley,False,False,False,legacy_exact_pair_screen,flash_or_mixed,False,False,False,official coverage only
C2_2025_LOWER_OHIO,21145,McCracken County,21,0.7300380153834171,0,0,0.0,0.0,,,0,0.0,0.0,0.0,,,2,3626|4864,Severe Storm,2025-04-02,2025-04-16,2025,untouched_primary_confirmation,Lower Ohio Valley,False,False,False,legacy_exact_pair_screen,flash_or_mixed,False,False,False,official coverage only
C2_2025_LOWER_OHIO,21149,McLean County,21,1.0000000000000002,0,0,0.0,0.0,,,0,0.0,0.0,0.0,,,2,3626|4864,Severe Storm,2025-04-02,2025-04-16,2025,untouched_primary_confirmation,Lower Ohio Valley,False,False,False,legacy_exact_pair_screen,flash_or_mixed,False,False,False,official coverage only
C2_2025_LOWER_OHIO,21157,Marshall County,21,0.1115472694794907,0,0,0.0,0.0,,,0,0.0,0.0,0.0,,,2,3626|4864,Severe Storm,2025-04-02,2025-04-16,2025,untouched_primary_confirmation,Lower Ohio Valley,False,False,False,legacy_exact_pair_screen,flash_or_mixed,False,False,False,official coverage only
C2_2025_LOWER_OHIO,21163,Meade County,21,0.975801004142578,3,3,0.0,0.0,1258936|1258960|1258966,Flash Flood,0,0.0,0.0,0.0,,,2,3626|4864,Severe Storm,2025-04-02,2025-04-16,2025,untouched_primary_confirmation,Lower Ohio Valley,False,False,True,legacy_exact_pair_screen,flash_or_mixed,False,False,False,official coverage only
C2_2025_LOWER_OHIO,21177,Muhlenberg County,21,1.0,0,0,0.0,0.0,,,0,0.0,0.0,0.0,,,2,3626|4864,Severe Storm,2025-04-02,2025-04-16,2025,untouched_primary_confirmation,Lower Ohio Valley,False,False,False,legacy_exact_pair_screen,flash_or_mixed,False,False,False,official coverage only
C2_2025_LOWER_OHIO,21183,Ohio County,21,1.0000000000000004,1,1,0.0,0.0,1258963,Flash Flood,0,0.0,0.0,0.0,,,2,3626|4864,Severe Storm,2025-04-02,2025-04-16,2025,untouched_primary_confirmation,Lower Ohio Valley,False,False,True,legacy_exact_pair_screen,flash_or_mixed,False,False,False,official coverage only
C2_2025_LOWER_OHIO,21219,Todd County,21,0.1029473827594739,0,0,0.0,0.0,,,0,0.0,0.0,0.0,,,2,3626|4864,Severe Storm,2025-04-02,2025-04-16,2025,untouched_primary_confirmation,Lower Ohio Valley,False,False,False,legacy_exact_pair_screen,flash_or_mixed,False,False,False,official coverage only
C2_2025_LOWER_OHIO,21221,Trigg County,21,5.6890561565303305e-05,0,0,0.0,0.0,,,0,0.0,0.0,0.0,,,2,3626|4864,Severe Storm,2025-04-02,2025-04-16,2025,untouched_primary_confirmation,Lower Ohio Valley,False,False,False,legacy_exact_pair_screen,flash_or_mixed,False,False,False,official coverage only
C2_2025_LOWER_OHIO,21225,Union County,21,1.0000000000000009,0,0,0.0,0.0,,,0,0.0,0.0,0.0,,,2,3626|4864,Severe Storm,2025-04-02,2025-04-16,2025,untouched_primary_confirmation,Lower Ohio Valley,False,False,False,legacy_exact_pair_screen,flash_or_mixed,False,False,False,official coverage only
C2_2025_LOWER_OHIO,21227,Warren County,21,0.4847055720347655,2,2,0.0,0.0,1258964|1258974,Flash Flood,0,0.0,0.0,0.0,,,2,3626|4864,Severe Storm,2025-04-02,2025-04-16,2025,untouched_primary_confirmation,Lower Ohio Valley,False,False,True,legacy_exact_pair_screen,flash_or_mixed,False,False,False,official coverage only
C2_2025_LOWER_OHIO,21233,Webster County,21,0.9999999999999992,0,0,0.0,0.0,,,0,0.0,0.0,0.0,,,2,3626|4864,Severe Storm,2025-04-02,2025-04-16,2025,untouched_primary_confirmation,Lower Ohio Valley,False,False,False,legacy_exact_pair_screen,flash_or_mixed,False,False,False,official coverage only
C2_2025_LOWER_OHIO,29031,Cape Girardeau County,29,0.0597683135123969,0,0,0.0,0.0,,,5,84274.0,18.0,2224.8709,4,31,1,4872,Severe Storm,2025-04-02,2025-04-16,2025,untouched_primary_confirmation,Lower Ohio Valley,False,True,False,legacy_exact_pair_screen,flash_or_mixed,False,False,False,official coverage only
C2_2025_LOWER_OHIO,29133,Mississippi County,29,0.0377403654485238,0,0,0.0,0.0,,,14,1408547.65,96.0,14546.548728000002,4,31|51,1,4872,Severe Storm,2025-04-02,2025-04-16,2025,untouched_primary_confirmation,Lower Ohio Valley,False,True,False,legacy_exact_pair_screen,flash_or_mixed,False,False,False,official coverage only
C2_2025_LOWER_OHIO,29157,Perry County,29,0.0049951431297986,0,0,0.0,0.0,,,2,24309.0,4.0,684.884,4,31,0,,,2025-04-02,2025-04-16,2025,untouched_primary_confirmation,Lower Ohio Valley,False,True,False,legacy_exact_pair_screen,flash_or_mixed,False,False,False,official coverage only
C2_2025_LOWER_OHIO,29201,Scott County,29,0.1989044487978657,0,0,0.0,0.0,,,10,408599.57,53.0,8313.3521,4,31|51,1,4872,Severe Storm,2025-04-02,2025-04-16,2025,untouched_primary_confirmation,Lower Ohio Valley,False,True,False,legacy_exact_pair_screen,flash_or_mixed,False,False,False,official coverage only
D2_2023_RED_RIVER,27027,Clay County,27,0.4846594280811696,5,5,0.0,0.0,1096777|1096808|1096987|1096988|1096990,Flood,13,344352.05,21.0,1298.604,4|5,31|44,3,3453|4531|4722,Biological|Flood,2023-04-10,2023-05-15,2023,version_bridge_diagnostic_only,Red River Valley,False,True,True,legacy_exact_pair_screen,fluvial,False,False,False,official coverage only
D2_2023_RED_RIVER,27089,Marshall County,27,0.0300918682450832,4,4,0.0,0.0,1096787|1096810|1097001|1097005,Flood,3,175953.0,5.0,662.29,4|5,31,3,3453|4531|4722,Biological|Flood,2023-04-10,2023-05-15,2023,version_bridge_diagnostic_only,Red River Valley,False,True,True,legacy_exact_pair_screen,fluvial,False,False,False,official coverage only
D2_2023_RED_RIVER,27107,Norman County,27,0.4416866307378327,4,4,0.0,0.0,1096778|1096996|1096997|1096998,Flood,9,245693.5,14.0,747.522,4|5,31|44,3,3453|4531|4722,Biological|Flood,2023-04-10,2023-05-15,2023,version_bridge_diagnostic_only,Red River Valley,False,True,True,legacy_exact_pair_screen,fluvial,False,False,False,official coverage only
D2_2023_RED_RIVER,27113,Pennington County,27,0.0007698512721257,0,0,0.0,0.0,,,6,468274.7,11.0,1644.5679999999998,4|5,31|44,2,3453|4531,Biological,2023-04-10,2023-05-15,2023,version_bridge_diagnostic_only,Red River Valley,False,True,False,legacy_exact_pair_screen,fluvial,False,False,False,official coverage only
D2_2023_RED_RIVER,27119,Polk County,27,0.526015351816087,3,3,0.0,0.0,1096784|1097000|1097004,Flood,4,79575.0,5.0,224.194,4|5,31|44,2,3453|4531,Biological,2023-04-10,2023-05-15,2023,version_bridge_diagnostic_only,Red River Valley,False,True,True,legacy_exact_pair_screen,fluvial,False,False,False,official coverage only
D2_2023_RED_RIVER,27167,Wilkin County,27,0.3397812386796223,1,1,0.0,0.0,1096775,Flood,4,77010.0,4.0,211.06,4|5,31,3,3453|4531|4722,Biological|Flood,2023-04-10,2023-05-15,2023,version_bridge_diagnostic_only,Red River Valley,False,True,True,legacy_exact_pair_screen,fluvial,False,False,False,official coverage only
D2_2023_RED_RIVER,38017,Cass County,38,0.5583118972470786,8,8,0.0,4755000.0,1096795|1096812|1096829|1096830|1096834|1096841|1096842|1096967,Flood,20,4934029.4,149.0,12948.8411,4|5,31|44,2,3477|4509,Biological,2023-04-10,2023-05-15,2023,version_bridge_diagnostic_only,Red River Valley,False,True,True,legacy_exact_pair_screen,fluvial,False,False,False,official coverage only
D2_2023_RED_RIVER,38035,Grand Forks County,38,0.3136251692259846,2,2,0.0,1000000.0,1096803|1096814,Flood,13,2557353.0,66.0,6312.7962,4|5,31|44,3,3477|4509|4717,Biological|Flood,2023-04-10,2023-05-15,2023,version_bridge_diagnostic_only,Red River Valley,False,True,True,legacy_exact_pair_screen,fluvial,False,False,False,official coverage only
D2_2023_RED_RIVER,38073,Ransom County,38,0.0263011343318085,1,1,0.0,64000.0,1096964,Flood,15,7365287.95,212.0,16567.239555,4|5,31|44,3,3477|4509|4717,Biological|Flood,2023-04-10,2023-05-15,2023,version_bridge_diagnostic_only,Red River Valley,False,True,True,legacy_exact_pair_screen,fluvial,False,False,False,official coverage only
D2_2023_RED_RIVER,38077,Richland County,38,0.5871462926639318,3,3,0.0,388000.0,1096793|1096825|1096827,Flood,16,2346912.1,183.0,6879.9345,4|5,31|44,3,3477|4509|4717,Biological|Flood,2023-04-10,2023-05-15,2023,version_bridge_diagnostic_only,Red River Valley,False,True,True,legacy_exact_pair_screen,fluvial,False,False,False,official coverage only
D2_2023_RED_RIVER,38081,Sargent County,38,0.012779756288469,0,0,0.0,0.0,,,15,6880049.2,241.0,15901.3302,4|5,31|44,3,3477|4509|4717,Biological|Flood,2023-04-10,2023-05-15,2023,version_bridge_diagnostic_only,Red River Valley,False,True,False,legacy_exact_pair_screen,fluvial,False,False,False,official coverage only
D2_2023_RED_RIVER,38097,Traill County,38,0.7250870945552086,2,2,0.0,0.0,1096800|1096968,Flood,12,2648690.0,55.0,6150.4556,4|5,31|44|51,2,3477|4509,Biological,2023-04-10,2023-05-15,2023,version_bridge_diagnostic_only,Red River Valley,False,True,True,legacy_exact_pair_screen,fluvial,False,False,False,official coverage only
D2_2023_RED_RIVER,38099,Walsh County,38,0.0024318082690082,3,3,0.0,2000000.0,1096804|1096815|1096969,Flood,11,617979.0,32.0,1724.5320000000002,4|5,31|44|51,3,3477|4509|4717,Biological|Flood,2023-04-10,2023-05-15,2023,version_bridge_diagnostic_only,Red River Valley,False,True,True,legacy_exact_pair_screen,fluvial,False,False,False,official coverage only
D3_2024_CENTRAL_INDIANA,18001,Adams County,18,0.0229586670955163,0,0,0.0,0.0,,,0,0.0,0.0,0.0,,,0,,,2024-04-01,2024-04-07,2024,development,Central Indiana,False,False,False,legacy_exact_pair_screen,fluvial,False,False,False,official coverage only
D3_2024_CENTRAL_INDIANA,18005,Bartholomew County,18,0.9999999999999998,0,0,0.0,0.0,,,0,0.0,0.0,0.0,,,0,,,2024-04-01,2024-04-07,2024,development,Central Indiana,False,False,False,legacy_exact_pair_screen,fluvial,False,False,False,official coverage only
D3_2024_CENTRAL_INDIANA,18007,Benton County,18,0.2274764090653726,0,0,0.0,0.0,,,1,8150.0,2.0,235.22,4,31,0,,,2024-04-01,2024-04-07,2024,development,Central Indiana,False,True,False,legacy_exact_pair_screen,fluvial,False,False,False,official coverage only
D3_2024_CENTRAL_INDIANA,18009,Blackford County,18,1.0,0,0,0.0,0.0,,,0,0.0,0.0,0.0,,,0,,,2024-04-01,2024-04-07,2024,development,Central Indiana,False,False,False,legacy_exact_pair_screen,fluvial,False,False,False,official coverage only
D3_2024_CENTRAL_INDIANA,18011,Boone County,18,0.9999999999999996,0,0,0.0,0.0,,,0,0.0,0.0,0.0,,,0,,,2024-04-01,2024-04-07,2024,development,Central Indiana,False,False,False,legacy_exact_pair_screen,fluvial,False,False,False,official coverage only
D3_2024_CENTRAL_INDIANA,18013,Brown County,18,1.0,0,0,0.0,0.0,,,0,0.0,0.0,0.0,,,0,,,2024-04-01,2024-04-07,2024,development,Central Indiana,False,False,False,legacy_exact_pair_screen,fluvial,False,False,False,official coverage only
D3_2024_CENTRAL_INDIANA,18015,Carroll County,18,0.5505513768711962,0,0,0.0,0.0,,,0,0.0,0.0,0.0,,,0,,,2024-04-01,2024-04-07,2024,development,Central Indiana,False,False,False,legacy_exact_pair_screen,fluvial,False,False,False,official coverage only
D3_2024_CENTRAL_INDIANA,18017,Cass County,18,0.069547129201299,0,0,0.0,0.0,,,0,0.0,0.0,0.0,,,0,,,2024-04-01,2024-04-07,2024,development,Central Indiana,False,False,False,legacy_exact_pair_screen,fluvial,False,False,False,official coverage only
D3_2024_CENTRAL_INDIANA,18019,Clark County,18,0.4204063356374607,0,0,0.0,0.0,,,1,35836.0,2.0,100.66,4,31,0,,,2024-04-01,2024-04-07,2024,development,Central Indiana,False,True,False,legacy_exact_pair_screen,fluvial,False,False,False,official coverage only
D3_2024_CENTRAL_INDIANA,18021,Clay County,18,0.9999999999999996,0,0,0.0,0.0,,,0,0.0,0.0,0.0,,,0,,,2024-04-01,2024-04-07,2024,development,Central Indiana,False,False,False,legacy_exact_pair_screen,fluvial,False,False,False,official coverage only
D3_2024_CENTRAL_INDIANA,18023,Clinton County,18,1.0,0,0,0.0,0.0,,,0,0.0,0.0,0.0,,,0,,,2024-04-01,2024-04-07,2024,development,Central Indiana,False,False,False,legacy_exact_pair_screen,fluvial,False,False,False,official coverage only
D3_2024_CENTRAL_INDIANA,18027,Daviess County,18,0.9998742469563644,0,0,0.0,0.0,,,3,2711.75,4.0,74.25375,4,31,0,,,2024-04-01,2024-04-07,2024,development,Central Indiana,False,True,False,legacy_exact_pair_screen,fluvial,False,False,False,official coverage only
D3_2024_CENTRAL_INDIANA,18029,Dearborn County,18,0.41204112968056,0,0,0.0,0.0,,,1,6330.0,2.0,22.05,4,31,0,,,2024-04-01,2024-04-07,2024,development,Central Indiana,False,True,False,legacy_exact_pair_screen,fluvial,False,False,False,official coverage only
D3_2024_CENTRAL_INDIANA,18031,Decatur County,18,1.0,0,0,0.0,0.0,,,0,0.0,0.0,0.0,,,0,,,2024-04-01,2024-04-07,2024,development,Central Indiana,False,False,False,legacy_exact_pair_screen,fluvial,False,False,False,official coverage only
D3_2024_CENTRAL_INDIANA,18035,Delaware County,18,1.0000000000000004,0,0,0.0,0.0,,,0,0.0,0.0,0.0,,,0,,,2024-04-01,2024-04-07,2024,development,Central Indiana,False,False,False,legacy_exact_pair_screen,fluvial,False,False,False,official coverage only
D3_2024_CENTRAL_INDIANA,18037,Dubois County,18,0.0452477785524436,0,0,0.0,0.0,,,2,4164.0,4.0,117.38,4,31,0,,,2024-04-01,2024-04-07,2024,development,Central Indiana,False,True,False,legacy_exact_pair_screen,fluvial,False,False,False,official coverage only
D3_2024_CENTRAL_INDIANA,18041,Fayette County,18,1.0000000000000004,0,0,0.0,0.0,,,0,0.0,0.0,0.0,,,0,,,2024-04-01,2024-04-07,2024,development,Central Indiana,False,False,False,legacy_exact_pair_screen,fluvial,False,False,False,official coverage only
D3_2024_CENTRAL_INDIANA,18045,Fountain County,18,0.6999503534287165,0,0,0.0,0.0,,,1,468.0,1.0,13.51,4,31,0,,,2024-04-01,2024-04-07,2024,development,Central Indiana,False,True,False,legacy_exact_pair_screen,fluvial,False,False,False,official coverage only
D3_2024_CENTRAL_INDIANA,18047,Franklin County,18,0.6242690105755941,0,0,0.0,0.0,,,0,0.0,0.0,0.0,,,0,,,2024-04-01,2024-04-07,2024,development,Central Indiana,False,False,False,legacy_exact_pair_screen,fluvial,False,False,False,official coverage only
D3_2024_CENTRAL_INDIANA,18053,Grant County,18,0.8074648520212931,0,0,0.0,0.0,,,0,0.0,0.0,0.0,,,0,,,2024-04-01,2024-04-07,2024,development,Central Indiana,False,False,False,legacy_exact_pair_screen,fluvial,False,False,False,official coverage only
D3_2024_CENTRAL_INDIANA,18055,Greene County,18,1.0000000000000004,0,0,0.0,0.0,,,0,0.0,0.0,0.0,,,0,,,2024-04-01,2024-04-07,2024,development,Central Indiana,False,False,False,legacy_exact_pair_screen,fluvial,False,False,False,official coverage only
D3_2024_CENTRAL_INDIANA,18057,Hamilton County,18,1.0000000000000002,0,0,0.0,0.0,,,0,0.0,0.0,0.0,,,0,,,2024-04-01,2024-04-07,2024,development,Central Indiana,False,False,False,legacy_exact_pair_screen,fluvial,False,False,False,official coverage only
D3_2024_CENTRAL_INDIANA,18059,Hancock County,18,0.9999999999999996,0,0,0.0,0.0,,,1,1476.0,1.0,39.6,4,31,0,,,2024-04-01,2024-04-07,2024,development,Central Indiana,False,True,False,legacy_exact_pair_screen,fluvial,False,False,False,official coverage only
D3_2024_CENTRAL_INDIANA,18063,Hendricks County,18,1.0000000000000002,0,0,0.0,0.0,,,0,0.0,0.0,0.0,,,0,,,2024-04-01,2024-04-07,2024,development,Central Indiana,False,False,False,legacy_exact_pair_screen,fluvial,False,False,False,official coverage only
D3_2024_CENTRAL_INDIANA,18065,Henry County,18,1.0,0,0,0.0,0.0,,,0,0.0,0.0,0.0,,,0,,,2024-04-01,2024-04-07,2024,development,Central Indiana,False,False,False,legacy_exact_pair_screen,fluvial,False,False,False,official coverage only
D3_2024_CENTRAL_INDIANA,18067,Howard County,18,1.0,0,0,0.0,0.0,,,0,0.0,0.0,0.0,,,0,,,2024-04-01,2024-04-07,2024,development,Central Indiana,False,False,False,legacy_exact_pair_screen,fluvial,False,False,False,official coverage only
D3_2024_CENTRAL_INDIANA,18071,Jackson County,18,0.9999999999999998,0,0,0.0,0.0,,,3,142447.0,5.0,432.7000000000001,4,31,0,,,2024-04-01,2024-04-07,2024,development,Central Indiana,False,True,False,legacy_exact_pair_screen,fluvial,False,False,False,official coverage only
D3_2024_CENTRAL_INDIANA,18075,Jay County,18,0.5136760321655772,0,0,0.0,0.0,,,1,2875.4,3.0,82.98,4,31,0,,,2024-04-01,2024-04-07,2024,development,Central Indiana,False,True,False,legacy_exact_pair_screen,fluvial,False,False,False,official coverage only
D3_2024_CENTRAL_INDIANA,18077,Jefferson County,18,1.0,0,0,0.0,0.0,,,0,0.0,0.0,0.0,,,0,,,2024-04-01,2024-04-07,2024,development,Central Indiana,False,False,False,legacy_exact_pair_screen,fluvial,False,False,False,official coverage only
D3_2024_CENTRAL_INDIANA,18079,Jennings County,18,1.0,0,0,0.0,0.0,,,0,0.0,0.0,0.0,,,0,,,2024-04-01,2024-04-07,2024,development,Central Indiana,False,False,False,legacy_exact_pair_screen,fluvial,False,False,False,official coverage only
D3_2024_CENTRAL_INDIANA,18081,Johnson County,18,1.0,0,0,0.0,0.0,,,0,0.0,0.0,0.0,,,0,,,2024-04-01,2024-04-07,2024,development,Central Indiana,False,False,False,legacy_exact_pair_screen,fluvial,False,False,False,official coverage only
D3_2024_CENTRAL_INDIANA,18083,Knox County,18,0.2034994237372101,0,0,0.0,0.0,,,4,67508.0,12.0,701.704,4,31,0,,,2024-04-01,2024-04-07,2024,development,Central Indiana,False,True,False,legacy_exact_pair_screen,fluvial,False,False,False,official coverage only
D3_2024_CENTRAL_INDIANA,18093,Lawrence County,18,1.0,0,0,0.0,0.0,,,1,2443.0,1.0,70.5,4,31,0,,,2024-04-01,2024-04-07,2024,development,Central Indiana,False,True,False,legacy_exact_pair_screen,fluvial,False,False,False,official coverage only
D3_2024_CENTRAL_INDIANA,18095,Madison County,18,1.0000000000000004,0,0,0.0,0.0,,,0,0.0,0.0,0.0,,,0,,,2024-04-01,2024-04-07,2024,development,Central Indiana,False,False,False,legacy_exact_pair_screen,fluvial,False,False,False,official coverage only
D3_2024_CENTRAL_INDIANA,18097,Marion County,18,1.0000000000000004,0,0,0.0,0.0,,,0,0.0,0.0,0.0,,,0,,,2024-04-01,2024-04-07,2024,development,Central Indiana,False,False,False,legacy_exact_pair_screen,fluvial,False,False,False,official coverage only
D3_2024_CENTRAL_INDIANA,18101,Martin County,18,0.9987122316610458,0,0,0.0,0.0,,,0,0.0,0.0,0.0,,,0,,,2024-04-01,2024-04-07,2024,development,Central Indiana,False,False,False,legacy_exact_pair_screen,fluvial,False,False,False,official coverage only
D3_2024_CENTRAL_INDIANA,18103,Miami County,18,0.1036689192970517,0,0,0.0,0.0,,,0,0.0,0.0,0.0,,,0,,,2024-04-01,2024-04-07,2024,development,Central Indiana,False,False,False,legacy_exact_pair_screen,fluvial,False,False,False,official coverage only
D3_2024_CENTRAL_INDIANA,18105,Monroe County,18,1.0,0,0,0.0,0.0,,,0,0.0,0.0,0.0,,,0,,,2024-04-01,2024-04-07,2024,development,Central Indiana,False,False,False,legacy_exact_pair_screen,fluvial,False,False,False,official coverage only
D3_2024_CENTRAL_INDIANA,18107,Montgomery County,18,1.0,0,0,0.0,0.0,,,1,9363.0,1.0,251.16,4,31,0,,,2024-04-01,2024-04-07,2024,development,Central Indiana,False,True,False,legacy_exact_pair_screen,fluvial,False,False,False,official coverage only
D3_2024_CENTRAL_INDIANA,18109,Morgan County,18,1.0000000000000002,0,0,0.0,0.0,,,0,0.0,0.0,0.0,,,0,,,2024-04-01,2024-04-07,2024,development,Central Indiana,False,False,False,legacy_exact_pair_screen,fluvial,False,False,False,official coverage only
D3_2024_CENTRAL_INDIANA,18115,Ohio County,18,0.3245878660637301,0,0,0.0,0.0,,,0,0.0,0.0,0.0,,,0,,,2024-04-01,2024-04-07,2024,development,Central Indiana,False,False,False,legacy_exact_pair_screen,fluvial,False,False,False,official coverage only
D3_2024_CENTRAL_INDIANA,18117,Orange County,18,0.6433951296773931,0,0,0.0,0.0,,,1,5264.0,1.0,151.93,4,31,0,,,2024-04-01,2024-04-07,2024,development,Central Indiana,False,True,False,legacy_exact_pair_screen,fluvial,False,False,False,official coverage only
D3_2024_CENTRAL_INDIANA,18119,Owen County,18,1.0,0,0,0.0,0.0,,,0,0.0,0.0,0.0,,,0,,,2024-04-01,2024-04-07,2024,development,Central Indiana,False,False,False,legacy_exact_pair_screen,fluvial,False,False,False,official coverage only
D3_2024_CENTRAL_INDIANA,18121,Parke County,18,0.7621438037326574,0,0,0.0,0.0,,,1,25.0,1.0,0.6667,4,31,0,,,2024-04-01,2024-04-07,2024,development,Central Indiana,False,True,False,legacy_exact_pair_screen,fluvial,False,False,False,official coverage only
D3_2024_CENTRAL_INDIANA,18125,Pike County,18,0.0804574397848767,1,1,0.0,0.0,1170284,Flood,1,2223.0,1.0,64.14,4,31,0,,,2024-04-01,2024-04-07,2024,development,Central Indiana,False,True,True,legacy_exact_pair_screen,fluvial,False,False,False,official coverage only
D3_2024_CENTRAL_INDIANA,18133,Putnam County,18,1.0,0,0,0.0,0.0,,,0,0.0,0.0,0.0,,,0,,,2024-04-01,2024-04-07,2024,development,Central Indiana,False,False,False,legacy_exact_pair_screen,fluvial,False,False,False,official coverage only
D3_2024_CENTRAL_INDIANA,18135,Randolph County,18,0.5275860867346402,0,0,0.0,0.0,,,1,2498.0,1.0,67.0,4,31,0,,,2024-04-01,2024-04-07,2024,development,Central Indiana,False,True,False,legacy_exact_pair_screen,fluvial,False,False,False,official coverage only
D3_2024_CENTRAL_INDIANA,18137,Ripley County,18,0.9999999999999998,1,1,0.0,0.0,1168674,Flood,2,145939.0,4.0,405.54,4,31,0,,,2024-04-01,2024-04-07,2024,development,Central Indiana,False,True,True,legacy_exact_pair_screen,fluvial,False,False,False,official coverage only
D3_2024_CENTRAL_INDIANA,18139,Rush County,18,1.0000000000000002,0,0,0.0,0.0,,,1,18949.0,1.0,44.44,4,31,0,,,2024-04-01,2024-04-07,2024,development,Central Indiana,False,True,False,legacy_exact_pair_screen,fluvial,False,False,False,official coverage only
D3_2024_CENTRAL_INDIANA,18143,Scott County,18,1.0000000000000002,0,0,0.0,0.0,,,1,17306.0,1.0,55.93,4,31,0,,,2024-04-01,2024-04-07,2024,development,Central Indiana,False,True,False,legacy_exact_pair_screen,fluvial,False,False,False,official coverage only
D3_2024_CENTRAL_INDIANA,18145,Shelby County,18,1.0000000000000002,0,0,0.0,0.0,,,0,0.0,0.0,0.0,,,0,,,2024-04-01,2024-04-07,2024,development,Central Indiana,False,False,False,legacy_exact_pair_screen,fluvial,False,False,False,official coverage only
D3_2024_CENTRAL_INDIANA,18153,Sullivan County,18,0.1728788626177665,0,0,0.0,0.0,,,3,18919.0,6.0,314.34545,4,31|44,0,,,2024-04-01,2024-04-07,2024,development,Central Indiana,False,True,False,legacy_exact_pair_screen,fluvial,False,False,False,official coverage only
D3_2024_CENTRAL_INDIANA,18155,Switzerland County,18,0.6307028984975033,0,0,0.0,0.0,,,0,0.0,0.0,0.0,,,0,,,2024-04-01,2024-04-07,2024,development,Central Indiana,False,False,False,legacy_exact_pair_screen,fluvial,False,False,False,official coverage only
D3_2024_CENTRAL_INDIANA,18157,Tippecanoe County,18,0.9999999999999994,0,0,0.0,0.0,,,0,0.0,0.0,0.0,,,0,,,2024-04-01,2024-04-07,2024,development,Central Indiana,False,False,False,legacy_exact_pair_screen,fluvial,False,False,False,official coverage only
D3_2024_CENTRAL_INDIANA,18159,Tipton County,18,1.0000000000000002,0,0,0.0,0.0,,,0,0.0,0.0,0.0,,,0,,,2024-04-01,2024-04-07,2024,development,Central Indiana,False,False,False,legacy_exact_pair_screen,fluvial,False,False,False,official coverage only
D3_2024_CENTRAL_INDIANA,18161,Union County,18,0.1611973733802953,0,0,0.0,0.0,,,0,0.0,0.0,0.0,,,0,,,2024-04-01,2024-04-07,2024,development,Central Indiana,False,False,False,legacy_exact_pair_screen,fluvial,False,False,False,official coverage only
D3_2024_CENTRAL_INDIANA,18167,Vigo County,18,0.2204109145275474,0,0,0.0,0.0,,,0,0.0,0.0,0.0,,,0,,,2024-04-01,2024-04-07,2024,development,Central Indiana,False,False,False,legacy_exact_pair_screen,fluvial,False,False,False,official coverage only
D3_2024_CENTRAL_INDIANA,18171,Warren County,18,0.3218542456851321,0,0,0.0,0.0,,,1,1421.0,2.0,41.0,4,31,0,,,2024-04-01,2024-04-07,2024,development,Central Indiana,False,True,False,legacy_exact_pair_screen,fluvial,False,False,False,official coverage only
D3_2024_CENTRAL_INDIANA,18175,Washington County,18,0.8174830093053875,0,0,0.0,0.0,,,0,0.0,0.0,0.0,,,0,,,2024-04-01,2024-04-07,2024,development,Central Indiana,False,False,False,legacy_exact_pair_screen,fluvial,False,False,False,official coverage only
D3_2024_CENTRAL_INDIANA,18177,Wayne County,18,0.5277456120514223,0,0,0.0,0.0,,,0,0.0,0.0,0.0,,,0,,,2024-04-01,2024-04-07,2024,development,Central Indiana,False,False,False,legacy_exact_pair_screen,fluvial,False,False,False,official coverage only
D3_2024_CENTRAL_INDIANA,18179,Wells County,18,0.120988780488669,0,0,0.0,0.0,,,0,0.0,0.0,0.0,,,0,,,2024-04-01,2024-04-07,2024,development,Central Indiana,False,False,False,legacy_exact_pair_screen,fluvial,False,False,False,official coverage only
D3_2024_CENTRAL_INDIANA,18181,White County,18,0.0873446131464076,0,0,0.0,0.0,,,0,0.0,0.0,0.0,,,0,,,2024-04-01,2024-04-07,2024,development,Central Indiana,False,False,False,legacy_exact_pair_screen,fluvial,False,False,False,official coverage only
D3_2024_CENTRAL_INDIANA,21041,Carroll County,21,0.9173640950418134,0,0,0.0,0.0,,,0,0.0,0.0,0.0,,,0,,,2024-04-01,2024-04-07,2024,development,Central Indiana,False,False,False,legacy_exact_pair_screen,fluvial,False,False,False,official coverage only
D3_2024_CENTRAL_INDIANA,21077,Gallatin County,21,0.0181289066908074,0,0,0.0,0.0,,,0,0.0,0.0,0.0,,,0,,,2024-04-01,2024-04-07,2024,development,Central Indiana,False,False,False,legacy_exact_pair_screen,fluvial,False,False,False,official coverage only
D3_2024_CENTRAL_INDIANA,21103,Henry County,21,0.2237447302891149,0,0,0.0,0.0,,,0,0.0,0.0,0.0,,,1,4782,Severe Storm,2024-04-01,2024-04-07,2024,development,Central Indiana,False,False,False,legacy_exact_pair_screen,fluvial,False,False,False,official coverage only
D3_2024_CENTRAL_INDIANA,21185,Oldham County,21,0.0390233719854743,0,0,0.0,0.0,,,0,0.0,0.0,0.0,,,1,4782,Severe Storm,2024-04-01,2024-04-07,2024,development,Central Indiana,False,False,False,legacy_exact_pair_screen,fluvial,False,False,False,official coverage only
D3_2024_CENTRAL_INDIANA,21187,Owen County,21,0.0460816621643272,0,0,0.0,0.0,,,0,0.0,0.0,0.0,,,0,,,2024-04-01,2024-04-07,2024,development,Central Indiana,False,False,False,legacy_exact_pair_screen,fluvial,False,False,False,official coverage only
D3_2024_CENTRAL_INDIANA,21223,Trimble County,21,0.9982506963401564,0,0,0.0,0.0,,,0,0.0,0.0,0.0,,,0,,,2024-04-01,2024-04-07,2024,development,Central Indiana,False,False,False,legacy_exact_pair_screen,fluvial,False,False,False,official coverage only
D5_2024_NEBRASKA_IOWA,19009,Audubon County,19,0.2276360815302508,1,0,0.0,0.0,1180867,Heavy Rain,5,21414.25,7.0,467.5843,5,31|44,0,,,2024-05-20,2024-05-24,2024,development,Eastern Nebraska-western Iowa,False,True,False,legacy_exact_pair_screen,flash_or_mixed,False,False,False,official coverage only
D5_2024_NEBRASKA_IOWA,19021,Buena Vista County,19,0.0914557091023454,1,1,0.0,85000.0,1168813,Flood,16,1407797.95,326.0,23008.6088,5,31|51,1,4784,Severe Storm,2024-05-20,2024-05-24,2024,development,Eastern Nebraska-western Iowa,False,True,True,legacy_exact_pair_screen,flash_or_mixed,False,False,False,official coverage only
D5_2024_NEBRASKA_IOWA,19027,Carroll County,19,0.1987662821040689,0,0,0.0,0.0,,,5,47072.3,36.0,1418.987,5,31|44,0,,,2024-05-20,2024-05-24,2024,development,Eastern Nebraska-western Iowa,False,True,False,legacy_exact_pair_screen,flash_or_mixed,False,False,False,official coverage only
D5_2024_NEBRASKA_IOWA,19029,Cass County,19,0.3412420831779367,0,0,0.0,0.0,,,3,64868.0,25.0,1653.3170000000002,5,31,0,,,2024-05-20,2024-05-24,2024,development,Eastern Nebraska-western Iowa,False,True,False,legacy_exact_pair_screen,flash_or_mixed,False,False,False,official coverage only
D5_2024_NEBRASKA_IOWA,19035,Cherokee County,19,0.110436315857203,1,1,0.0,0.0,1179170,Flood,14,670880.3099999999,134.0,8560.721,5,31|44|51,1,4784,Severe Storm,2024-05-20,2024-05-24,2024,development,Eastern Nebraska-western Iowa,False,True,True,legacy_exact_pair_screen,flash_or_mixed,False,False,False,official coverage only
D5_2024_NEBRASKA_IOWA,19047,Crawford County,19,1.0,0,0,0.0,0.0,,,6,240585.5,39.0,3658.14,5,31|44,0,,,2024-05-20,2024-05-24,2024,development,Eastern Nebraska-western Iowa,False,True,False,legacy_exact_pair_screen,flash_or_mixed,False,False,False,official coverage only
D5_2024_NEBRASKA_IOWA,19071,Fremont County,19,0.6598916984320848,0,0,0.0,0.0,,,7,224376.25,14.0,704.391,5,31|51,0,,,2024-05-20,2024-05-24,2024,development,Eastern Nebraska-western Iowa,False,True,False,legacy_exact_pair_screen,flash_or_mixed,False,False,False,official coverage only
D5_2024_NEBRASKA_IOWA,19085,Harrison County,19,0.999999999999999,0,0,0.0,0.0,,,8,476886.08,115.0,6625.3664,5,31,1,4784,Severe Storm,2024-05-20,2024-05-24,2024,development,Eastern Nebraska-western Iowa,False,True,False,legacy_exact_pair_screen,flash_or_mixed,False,False,False,official coverage only
D5_2024_NEBRASKA_IOWA,19093,Ida County,19,0.9999999999999998,0,0,0.0,0.0,,,5,78663.0,18.0,1191.705,5,31,0,,,2024-05-20,2024-05-24,2024,development,Eastern Nebraska-western Iowa,False,True,False,legacy_exact_pair_screen,flash_or_mixed,False,False,False,official coverage only
D5_2024_NEBRASKA_IOWA,19129,Mills County,19,1.0,0,0,0.0,0.0,,,2,1073.0,2.0,48.5,5,31,0,,,2024-05-20,2024-05-24,2024,development,Eastern Nebraska-western Iowa,False,True,False,legacy_exact_pair_screen,flash_or_mixed,False,False,False,official coverage only
D5_2024_NEBRASKA_IOWA,19133,Monona County,19,0.9999999999999988,0,0,0.0,0.0,,,13,1508481.1800000002,185.0,22308.565275000004,5,31|44|51,0,,,2024-05-20,2024-05-24,2024,development,Eastern Nebraska-western Iowa,False,True,False,legacy_exact_pair_screen,flash_or_mixed,False,False,False,official coverage only
D5_2024_NEBRASKA_IOWA,19137,Montgomery County,19,0.8424091447294232,0,0,0.0,0.0,,,2,5359.6,4.0,149.98000000000002,5,31|51,1,4784,Severe Storm,2024-05-20,2024-05-24,2024,development,Eastern Nebraska-western Iowa,False,True,False,legacy_exact_pair_screen,flash_or_mixed,False,False,False,official coverage only
D5_2024_NEBRASKA_IOWA,19145,Page County,19,0.5210643728940085,0,0,0.0,0.0,,,4,54580.0,16.0,795.321,5,31,0,,,2024-05-20,2024-05-24,2024,development,Eastern Nebraska-western Iowa,False,True,False,legacy_exact_pair_screen,flash_or_mixed,False,False,False,official coverage only
D5_2024_NEBRASKA_IOWA,19149,Plymouth County,19,0.0994686262208345,0,0,0.0,0.0,,,9,843050.22,139.0,12570.225,5,31|51,0,,,2024-05-20,2024-05-24,2024,development,Eastern Nebraska-western Iowa,False,True,False,legacy_exact_pair_screen,flash_or_mixed,False,False,False,official coverage only
D5_2024_NEBRASKA_IOWA,19155,Pottawattamie County,19,0.9999999999999998,1,1,10000.0,75000.0,1181065,Flash Flood,7,385799.6,53.0,3014.4059,5,31|44|51,1,4784,Severe Storm,2024-05-20,2024-05-24,2024,development,Eastern Nebraska-western Iowa,True,True,True,legacy_exact_pair_screen,flash_or_mixed,False,False,False,official coverage only
D5_2024_NEBRASKA_IOWA,19161,Sac County,19,0.7251684807315656,0,0,0.0,0.0,,,6,131190.90000000002,56.0,2647.45275,5,31,0,,,2024-05-20,2024-05-24,2024,development,Eastern Nebraska-western Iowa,False,True,False,legacy_exact_pair_screen,flash_or_mixed,False,False,False,official coverage only
D5_2024_NEBRASKA_IOWA,19165,Shelby County,19,1.0000000000000004,0,0,0.0,0.0,,,4,49483.0,17.0,1024.645,5,31,1,4784,Severe Storm,2024-05-20,2024-05-24,2024,development,Eastern Nebraska-western Iowa,False,True,False,legacy_exact_pair_screen,flash_or_mixed,False,False,False,official coverage only
D5_2024_NEBRASKA_IOWA,19193,Woodbury County,19,1.0000000000000002,0,0,0.0,0.0,,,8,960539.2,88.0,8991.921479999999,5,31|44|51,0,,,2024-05-20,2024-05-24,2024,development,Eastern Nebraska-western Iowa,False,True,False,legacy_exact_pair_screen,flash_or_mixed,False,False,False,official coverage only
D5_2024_NEBRASKA_IOWA,31021,Burt County,31,1.0,0,0,0.0,0.0,,,11,590805.58,132.0,9310.20452,5,31|51,1,4808,Severe Storm,2024-05-20,2024-05-24,2024,development,Eastern Nebraska-western Iowa,False,True,False,legacy_exact_pair_screen,flash_or_mixed,False,False,False,official coverage only
D5_2024_NEBRASKA_IOWA,31023,Butler County,31,0.8550269505676011,1,1,10000.0,25000.0,1180745,Flash Flood,17,469858.0,102.0,5652.101500000001,5,31|51,1,4808,Severe Storm,2024-05-20,2024-05-24,2024,development,Eastern Nebraska-western Iowa,True,True,True,legacy_exact_pair_screen,flash_or_mixed,False,False,False,official coverage only
D5_2024_NEBRASKA_IOWA,31025,Cass County,31,1.0000000000000002,0,0,0.0,0.0,,,1,3464.0,1.0,99.96,5,31,0,,,2024-05-20,2024-05-24,2024,development,Eastern Nebraska-western Iowa,False,True,False,legacy_exact_pair_screen,flash_or_mixed,False,False,False,official coverage only
D5_2024_NEBRASKA_IOWA,31027,Cedar County,31,0.3323597713661508,0,0,0.0,0.0,,,6,183139.1,45.0,4377.52,5,31,0,,,2024-05-20,2024-05-24,2024,development,Eastern Nebraska-western Iowa,False,True,False,legacy_exact_pair_screen,flash_or_mixed,False,False,False,official coverage only
D5_2024_NEBRASKA_IOWA,31037,Colfax County,31,0.9999999999999996,0,0,0.0,0.0,,,12,299361.15,64.0,3966.8061,5,31|51,1,4808,Severe Storm,2024-05-20,2024-05-24,2024,development,Eastern Nebraska-western Iowa,False,True,False,legacy_exact_pair_screen,flash_or_mixed,False,False,False,official coverage only
D5_2024_NEBRASKA_IOWA,31039,Cuming County,31,1.0,0,0,0.0,0.0,,,6,92465.5,21.0,1516.6350000000002,5,31|51,0,,,2024-05-20,2024-05-24,2024,development,Eastern Nebraska-western Iowa,False,True,False,legacy_exact_pair_screen,flash_or_mixed,False,False,False,official coverage only
D5_2024_NEBRASKA_IOWA,31043,Dakota County,31,0.9999999999999988,0,0,0.0,0.0,,,4,67229.0,12.0,754.4699999999999,5,31,0,,,2024-05-20,2024-05-24,2024,development,Eastern Nebraska-western Iowa,False,True,False,legacy_exact_pair_screen,flash_or_mixed,False,False,False,official coverage only
D5_2024_NEBRASKA_IOWA,31051,Dixon County,31,0.7513119401691531,0,0,0.0,0.0,,,6,293375.9,56.0,7363.02875,5,31,0,,,2024-05-20,2024-05-24,2024,development,Eastern Nebraska-western Iowa,False,True,False,legacy_exact_pair_screen,flash_or_mixed,False,False,False,official coverage only
D5_2024_NEBRASKA_IOWA,31053,Dodge County,31,0.9999999999999996,1,1,0.0,150000.0,1180742,Flash Flood,13,732100.96,171.0,7959.92331,5,31|44|51,1,4808,Severe Storm,2024-05-20,2024-05-24,2024,development,Eastern Nebraska-western Iowa,False,True,True,legacy_exact_pair_screen,flash_or_mixed,False,False,False,official coverage only
D5_2024_NEBRASKA_IOWA,31055,Douglas County,31,0.9999999999999992,4,4,25000.0,325000.0,1180741|1181021|1181024|1181030,Flash Flood,7,110815.42,34.0,1774.1688,5,31|51,1,4808,Severe Storm,2024-05-20,2024-05-24,2024,development,Eastern Nebraska-western Iowa,True,True,True,legacy_exact_pair_screen,flash_or_mixed,False,False,False,official coverage only
D5_2024_NEBRASKA_IOWA,31109,Lancaster County,31,0.6606335417477066,0,0,0.0,0.0,,,1,18137.0,14.0,523.47,5,31,0,,,2024-05-20,2024-05-24,2024,development,Eastern Nebraska-western Iowa,False,True,False,legacy_exact_pair_screen,flash_or_mixed,False,False,False,official coverage only
D5_2024_NEBRASKA_IOWA,31131,Otoe County,31,0.2920204693689402,0,0,0.0,0.0,,,4,39109.5,6.0,311.53000000000003,5,31|51,0,,,2024-05-20,2024-05-24,2024,development,Eastern Nebraska-western Iowa,False,True,False,legacy_exact_pair_screen,flash_or_mixed,False,False,False,official coverage only
D5_2024_NEBRASKA_IOWA,31141,Platte County,31,0.0861825876404753,0,0,0.0,0.0,,,11,383648.8,111.0,4556.2755,5,31|44|51,1,4808,Severe Storm,2024-05-20,2024-05-24,2024,development,Eastern Nebraska-western Iowa,False,True,False,legacy_exact_pair_screen,flash_or_mixed,False,False,False,official coverage only
D5_2024_NEBRASKA_IOWA,31153,Sarpy County,31,1.0000000000000002,0,0,0.0,0.0,,,2,40164.0,4.0,296.0,5,31|51,1,4808,Severe Storm,2024-05-20,2024-05-24,2024,development,Eastern Nebraska-western Iowa,False,True,False,legacy_exact_pair_screen,flash_or_mixed,False,False,False,official coverage only
D5_2024_NEBRASKA_IOWA,31155,Saunders County,31,1.0000000000000004,1,1,50000.0,250000.0,1181023,Flash Flood,15,716899.07,259.0,12125.152299999998,5,31|51,1,4808,Severe Storm,2024-05-20,2024-05-24,2024,development,Eastern Nebraska-western Iowa,True,True,True,legacy_exact_pair_screen,flash_or_mixed,False,False,False,official coverage only
D5_2024_NEBRASKA_IOWA,31159,Seward County,31,0.8464620533890322,0,0,0.0,0.0,,,3,19988.7,8.0,504.8,5,31,0,,,2024-05-20,2024-05-24,2024,development,Eastern Nebraska-western Iowa,False,True,False,legacy_exact_pair_screen,flash_or_mixed,False,False,False,official coverage only
D5_2024_NEBRASKA_IOWA,31167,Stanton County,31,0.804446663550824,0,0,0.0,0.0,,,5,46552.7,20.0,1094.93,5,31,0,,,2024-05-20,2024-05-24,2024,development,Eastern Nebraska-western Iowa,False,True,False,legacy_exact_pair_screen,flash_or_mixed,False,False,False,official coverage only
D5_2024_NEBRASKA_IOWA,31173,Thurston County,31,0.9999999999999996,0,0,0.0,0.0,,,2,20834.0,12.0,588.32,5,31,0,,,2024-05-20,2024-05-24,2024,development,Eastern Nebraska-western Iowa,False,True,False,legacy_exact_pair_screen,flash_or_mixed,False,False,False,official coverage only
D5_2024_NEBRASKA_IOWA,31177,Washington County,31,0.9999999999999996,0,0,0.0,0.0,,,7,86853.1,48.0,1932.16602,5,31|51,1,4808,Severe Storm,2024-05-20,2024-05-24,2024,development,Eastern Nebraska-western Iowa,False,True,False,legacy_exact_pair_screen,flash_or_mixed,False,False,False,official coverage only
D5_2024_NEBRASKA_IOWA,31179,Wayne County,31,0.8582606613441424,0,0,0.0,0.0,,,3,33007.0,5.0,373.68,5,31,0,,,2024-05-20,2024-05-24,2024,development,Eastern Nebraska-western Iowa,False,True,False,legacy_exact_pair_screen,flash_or_mixed,False,False,False,official coverage only
D5_2024_NEBRASKA_IOWA,46127,Union County,46,0.1201790653533406,0,0,0.0,0.0,,,15,1049048.9300000002,138.0,10020.18337,5,31|51,0,,,2024-05-20,2024-05-24,2024,development,Eastern Nebraska-western Iowa,False,True,False,legacy_exact_pair_screen,flash_or_mixed,False,False,False,official coverage only
N2023_179508_MINNESOTA,27023,Chippewa County,27,1.0,1,1,0.0,75000.0,1093231,Flood,3,15418.65,3.0,32.452,4,31,3,3453|4531|4722,Biological|Flood,2023-04-11 00:00:00,2023-04-30 00:00:00,2023,blind_primary,Minnesota NOAA episode 179508,False,True,True,blind_noaa_event_screen,fluvial,True,True,False,official coverage only
N2023_179508_MINNESOTA,27073,Lac qui Parle County,27,1.0,1,1,0.0,260000.0,1093230,Flood,4,30183.0,8.0,65.18,4,31,3,3453|4531|4722,Biological|Flood,2023-04-11 00:00:00,2023-04-30 00:00:00,2023,blind_primary,Minnesota NOAA episode 179508,False,True,True,blind_noaa_event_screen,fluvial,True,True,False,official coverage only
N2023_179508_MINNESOTA,27085,McLeod County,27,1.0,1,1,0.0,18500.0,1093234,Flood,0,0.0,0.0,0.0,,,2,3453|4531,Biological,2023-04-11 00:00:00,2023-04-30 00:00:00,2023,blind_primary,Minnesota NOAA episode 179508,False,False,True,blind_noaa_event_screen,fluvial,True,True,False,official coverage only
N2023_179508_MINNESOTA,27097,Morrison County,27,1.0,1,1,0.0,149000.0,1093235,Flood,1,6866.0,2.0,21.92,4,31,3,3453|4531|4722,Biological|Flood,2023-04-11 00:00:00,2023-04-30 00:00:00,2023,blind_primary,Minnesota NOAA episode 179508,False,True,True,blind_noaa_event_screen,fluvial,True,True,False,official coverage only
N2023_179508_MINNESOTA,27121,Pope County,27,1.0,1,1,0.0,0.0,1093240,Flood,1,8506.0,2.0,29.3,4,31,3,3453|4531|4722,Biological|Flood,2023-04-11 00:00:00,2023-04-30 00:00:00,2023,blind_primary,Minnesota NOAA episode 179508,False,True,True,blind_noaa_event_screen,fluvial,True,True,False,official coverage only
N2023_179508_MINNESOTA,27127,Redwood County,27,1.0,1,1,0.0,1300000.0,1093070,Flood,1,8089.0,1.0,28.4,4,31,2,3453|4531,Biological,2023-04-11 00:00:00,2023-04-30 00:00:00,2023,blind_primary,Minnesota NOAA episode 179508,False,True,True,blind_noaa_event_screen,fluvial,True,True,False,official coverage only
N2023_179508_MINNESOTA,27129,Renville County,27,1.0,1,1,0.0,284000.0,1093069,Flood,1,17595.0,1.0,36.0,4,31,3,3453|4531|4722,Biological|Flood,2023-04-11 00:00:00,2023-04-30 00:00:00,2023,blind_primary,Minnesota NOAA episode 179508,False,True,True,blind_noaa_event_screen,fluvial,True,True,False,official coverage only
N2023_179508_MINNESOTA,27149,Stevens County,27,1.0,1,1,0.0,146000.0,1093063,Flood,4,65107.5,6.0,124.025,4,31|44,3,3453|4531|4722,Biological|Flood,2023-04-11 00:00:00,2023-04-30 00:00:00,2023,blind_primary,Minnesota NOAA episode 179508,False,True,True,blind_noaa_event_screen,fluvial,True,True,False,official coverage only
N2023_179829_WISCONSIN,55003,Ashland County,55,1.0,1,1,0.0,0.0,1097546,Flood,0,0.0,0.0,0.0,,,2,3454|4520,Biological,2023-04-11 00:00:00,2023-04-30 00:00:00,2023,blind_primary,Wisconsin NOAA episode 179829,False,False,True,blind_noaa_event_screen,fluvial,True,True,False,official coverage only
N2023_179829_WISCONSIN,55007,Bayfield County,55,1.0,1,1,0.0,16000.0,1097206,Flood,0,0.0,0.0,0.0,,,2,3454|4520,Biological,2023-04-11 00:00:00,2023-04-30 00:00:00,2023,blind_primary,Wisconsin NOAA episode 179829,False,False,True,blind_noaa_event_screen,fluvial,True,True,False,official coverage only
N2023_179829_WISCONSIN,55013,Burnett County,55,1.0,1,1,0.0,0.0,1097560,Flood,0,0.0,0.0,0.0,,,2,3454|4520,Biological,2023-04-11 00:00:00,2023-04-30 00:00:00,2023,blind_primary,Wisconsin NOAA episode 179829,False,False,True,blind_noaa_event_screen,fluvial,True,True,False,official coverage only
N2023_179829_WISCONSIN,55031,Douglas County,55,1.0,1,1,0.0,150000.0,1097201,Flood,0,0.0,0.0,0.0,,,2,3454|4520,Biological,2023-04-11 00:00:00,2023-04-30 00:00:00,2023,blind_primary,Wisconsin NOAA episode 179829,False,False,True,blind_noaa_event_screen,fluvial,True,True,False,official coverage only
N2023_179829_WISCONSIN,55099,Price County,55,1.0,1,1,0.0,120000.0,1097551,Flood,0,0.0,0.0,0.0,,,2,3454|4520,Biological,2023-04-11 00:00:00,2023-04-30 00:00:00,2023,blind_primary,Wisconsin NOAA episode 179829,False,False,True,blind_noaa_event_screen,fluvial,True,True,False,official coverage only
N2023_179829_WISCONSIN,55113,Sawyer County,55,1.0,1,1,0.0,300000.0,1097216,Flood,0,0.0,0.0,0.0,,,2,3454|4520,Biological,2023-04-11 00:00:00,2023-04-30 00:00:00,2023,blind_primary,Wisconsin NOAA episode 179829,False,False,True,blind_noaa_event_screen,fluvial,True,True,False,official coverage only
N2023_179829_WISCONSIN,55129,Washburn County,55,1.0,1,1,0.0,30000.0,1097239,Flood,0,0.0,0.0,0.0,,,2,3454|4520,Biological,2023-04-11 00:00:00,2023-04-30 00:00:00,2023,blind_primary,Wisconsin NOAA episode 179829,False,False,True,blind_noaa_event_screen,fluvial,True,True,False,official coverage only
N2023_180114_SOUTHDAKOTA,46013,Brown County,46,1.0,8,8,150000.0,150000.0,1088849|1088850|1089663|1089664|1089665|1089774|1092991|1097412,Flood,11,19120539.56,380.0,38737.13232,4,31|44,3,3475|4527|4718,Biological|Flood,2023-04-09 00:00:00,2023-04-18 00:00:00,2023,blind_primary,South Dakota NOAA episode 180114,True,True,True,blind_noaa_event_screen,fluvial,True,True,False,official coverage only
N2023_180114_SOUTHDAKOTA,46025,Clark County,46,1.0,1,1,150000.0,150000.0,1097413,Flood,10,559279.16,46.0,1492.2709499999999,4,31|44,3,3475|4527|4718,Biological|Flood,2023-04-09 00:00:00,2023-04-18 00:00:00,2023,blind_primary,South Dakota NOAA episode 180114,True,True,True,blind_noaa_event_screen,fluvial,True,True,False,official coverage only
N2023_180114_SOUTHDAKOTA,46029,Codington County,46,1.0,10,10,150000.0,150000.0,1089081|1089082|1089085|1089090|1089093|1089618|1089624|1089642|1097414|1097908,Flood,8,207969.0,18.0,542.74,4,31|44,3,3475|4527|4718,Biological|Flood,2023-04-09 00:00:00,2023-04-18 00:00:00,2023,blind_primary,South Dakota NOAA episode 180114,True,True,True,blind_noaa_event_screen,fluvial,True,True,False,official coverage only
N2023_180114_SOUTHDAKOTA,46037,Day County,46,1.0,1,1,150000.0,150000.0,1097388,Flood,8,2961665.8600000003,135.0,6914.3261,4,31|44,3,3475|4527|4718,Biological|Flood,2023-04-09 00:00:00,2023-04-18 00:00:00,2023,blind_primary,South Dakota NOAA episode 180114,True,True,True,blind_noaa_event_screen,fluvial,True,True,False,official coverage only
N2023_180114_SOUTHDAKOTA,46045,Edmunds County,46,1.0,1,1,0.0,0.0,1097638,Flood,10,6055484.5,231.0,17053.1294,4,31|44,2,3475|4527,Biological,2023-04-09 00:00:00,2023-04-18 00:00:00,2023,blind_primary,South Dakota NOAA episode 180114,False,True,True,blind_noaa_event_screen,fluvial,True,True,False,official coverage only
N2023_180114_SOUTHDAKOTA,46049,Faulk County,46,1.0,1,1,150000.0,150000.0,1097415,Flood,8,3417990.08,143.0,9804.820200000002,4,31|44,5,3475|4527|4718,Biological|Flood,2023-04-09 00:00:00,2023-04-18 00:00:00,2023,blind_primary,South Dakota NOAA episode 180114,True,True,True,blind_noaa_event_screen,fluvial,True,True,False,official coverage only
N2023_180114_SOUTHDAKOTA,46051,Grant County,46,1.0,6,6,150000.0,150000.0,1089080|1089244|1089292|1089297|1089482|1097416,Flood,6,151639.0,16.0,396.17589999999996,4,31|44,3,3475|4527|4718,Biological|Flood,2023-04-09 00:00:00,2023-04-18 00:00:00,2023,blind_primary,South Dakota NOAA episode 180114,True,True,True,blind_noaa_event_screen,fluvial,True,True,False,official coverage only
N2023_180114_SOUTHDAKOTA,46057,Hamlin County,46,1.0,2,2,0.0,0.0,1089089|1097406,Flood,2,37665.33,3.0,77.1678,4,44,2,3475|4527,Biological,2023-04-09 00:00:00,2023-04-18 00:00:00,2023,blind_primary,South Dakota NOAA episode 180114,False,True,True,blind_noaa_event_screen,fluvial,True,True,False,official coverage only
N2023_180114_SOUTHDAKOTA,46059,Hand County,46,1.0,1,1,150000.0,150000.0,1097417,Flood,9,1496122.4500000002,81.0,4279.68483,4,31|44,7,3475|4527|4718,Biological|Flood,2023-04-09 00:00:00,2023-04-18 00:00:00,2023,blind_primary,South Dakota NOAA episode 180114,True,True,True,blind_noaa_event_screen,fluvial,True,True,False,official coverage only
N2023_180114_SOUTHDAKOTA,46069,Hyde County,46,1.0,1,1,0.0,0.0,1097409,Flood,7,296135.0,31.0,893.1687000000001,4,31|44,16,3475|4527,Biological,2023-04-09 00:00:00,2023-04-18 00:00:00,2023,blind_primary,South Dakota NOAA episode 180114,False,True,True,blind_noaa_event_screen,fluvial,True,True,False,official coverage only
N2023_180114_SOUTHDAKOTA,46089,McPherson County,46,1.0,1,1,0.0,0.0,1097404,Flood,11,1255307.85,70.0,3774.6571000000004,4,31|44,4,3475|4527,Biological,2023-04-09 00:00:00,2023-04-18 00:00:00,2023,blind_primary,South Dakota NOAA episode 180114,False,True,True,blind_noaa_event_screen,fluvial,True,True,False,official coverage only
N2023_180114_SOUTHDAKOTA,46091,Marshall County,46,1.0,1,1,150000.0,150000.0,1097383,Flood,9,3065934.0,113.0,6812.537600000001,4,31|44,3,3475|4527|4718,Biological|Flood,2023-04-09 00:00:00,2023-04-18 00:00:00,2023,blind_primary,South Dakota NOAA episode 180114,True,True,True,blind_noaa_event_screen,fluvial,True,True,False,official coverage only
N2023_180114_SOUTHDAKOTA,46107,Potter County,46,1.0,1,1,150000.0,150000.0,1097418,Flood,8,309541.0,25.0,1031.55,4,31|44,28,3475|4527|4718,Biological|Flood,2023-04-09 00:00:00,2023-04-18 00:00:00,2023,blind_primary,South Dakota NOAA episode 180114,True,True,True,blind_noaa_event_screen,fluvial,True,True,False,official coverage only
N2023_180114_SOUTHDAKOTA,46109,Roberts County,46,1.0,3,3,150000.0,150000.0,1092173|1092957|1097419,Flood,7,2137503.46,108.0,4939.82052,4,31|44,3,3475|4527|4718,Biological|Flood,2023-04-09 00:00:00,2023-04-18 00:00:00,2023,blind_primary,South Dakota NOAA episode 180114,True,True,True,blind_noaa_event_screen,fluvial,True,True,False,official coverage only
N2023_180114_SOUTHDAKOTA,46115,Spink County,46,1.0,4,4,0.0,0.0,1088867|1092987|1092989|1097639,Flood,15,5315021.18,213.0,12620.76369,4,31|44|51,2,3475|4527,Biological,2023-04-09 00:00:00,2023-04-18 00:00:00,2023,blind_primary,South Dakota NOAA episode 180114,False,True,True,blind_noaa_event_screen,fluvial,True,True,False,official coverage only
N2024_191762_IOWA,19009,Audubon County,19,1.0,1,0,0.0,0.0,1180867,Heavy Rain,5,21414.25,7.0,467.5843,5,31|44,0,,,2024-05-20 00:00:00,2024-05-22 00:00:00,2024,blind_primary,Iowa NOAA episode 191762,False,True,False,blind_noaa_event_screen,flash_or_mixed,True,True,False,official coverage only
N2024_191762_IOWA,19013,Black Hawk County,19,1.0,5,5,0.0,0.0,1183416|1183830|1183838|1185170|1185178,Flood,17,968270.3900000001,155.0,16436.97625,5,31|51,0,,,2024-05-20 00:00:00,2024-05-22 00:00:00,2024,blind_primary,Iowa NOAA episode 191762,False,True,True,blind_noaa_event_screen,flash_or_mixed,True,True,False,official coverage only
N2024_191762_IOWA,19015,Boone County,19,1.0,1,1,0.0,0.0,1183243,Flash Flood,11,171603.0,44.0,1481.3419999999999,5,31|51,0,,,2024-05-20 00:00:00,2024-05-22 00:00:00,2024,blind_primary,Iowa NOAA episode 191762,False,True,True,blind_noaa_event_screen,flash_or_mixed,True,True,False,official coverage only
N2024_191762_IOWA,19017,Bremer County,19,1.0,1,1,0.0,0.0,1183380,Flood,18,1791647.3699999996,250.0,21273.954599999997,5,31|44|51,0,,,2024-05-20 00:00:00,2024-05-22 00:00:00,2024,blind_primary,Iowa NOAA episode 191762,False,True,True,blind_noaa_event_screen,flash_or_mixed,True,True,False,official coverage only
N2024_191762_IOWA,19023,Butler County,19,1.0,9,7,0.0,0.0,1180846|1180855|1183343|1183345|1183383|1183396|1183399|1183420|1185167,Flash Flood|Flood|Heavy Rain,12,1372665.19,139.0,15838.719100000002,5,31|44|51,1,4784,Severe Storm,2024-05-20 00:00:00,2024-05-22 00:00:00,2024,blind_primary,Iowa NOAA episode 191762,False,True,True,blind_noaa_event_screen,flash_or_mixed,True,True,False,official coverage only
N2024_191762_IOWA,19033,Cerro Gordo County,19,1.0,1,0,0.0,0.0,1180864,Heavy Rain,12,636893.8200000001,78.0,6720.9816,5,31|44,0,,,2024-05-20 00:00:00,2024-05-22 00:00:00,2024,blind_primary,Iowa NOAA episode 191762,False,True,False,blind_noaa_event_screen,flash_or_mixed,True,True,False,official coverage only
N2024_191762_IOWA,19069,Franklin County,19,1.0,1,1,0.0,0.0,1183419,Flood,16,1331086.0,201.0,14558.422520000002,5,31|44|51,1,4784,Severe Storm,2024-05-20 00:00:00,2024-05-22 00:00:00,2024,blind_primary,Iowa NOAA episode 191762,False,True,True,blind_noaa_event_screen,flash_or_mixed,True,True,False,official coverage only
N2024_191762_IOWA,19075,Grundy County,19,1.0,2,2,0.0,0.0,1183342|1183347,Flash Flood,6,270836.0,53.0,6070.435,5,31|44|51,0,,,2024-05-20 00:00:00,2024-05-22 00:00:00,2024,blind_primary,Iowa NOAA episode 191762,False,True,True,blind_noaa_event_screen,flash_or_mixed,True,True,False,official coverage only
N2024_191762_IOWA,19077,Guthrie County,19,1.0,3,2,0.0,0.0,1180856|1183260|1183263,Flash Flood|Heavy Rain,4,70955.0,10.0,401.025,5,31,0,,,2024-05-20 00:00:00,2024-05-22 00:00:00,2024,blind_primary,Iowa NOAA episode 191762,False,True,True,blind_noaa_event_screen,flash_or_mixed,True,True,False,official coverage only
N2024_191762_IOWA,19081,Hancock County,19,1.0,2,2,0.0,0.0,1183247|1183400,Flood,14,1505229.3,217.0,14898.794000000004,5,31|44|51,1,4784,Severe Storm,2024-05-20 00:00:00,2024-05-22 00:00:00,2024,blind_primary,Iowa NOAA episode 191762,False,True,True,blind_noaa_event_screen,flash_or_mixed,True,True,False,official coverage only
N2024_191762_IOWA,19083,Hardin County,19,1.0,2,2,0.0,0.0,1183335|1183339,Flash Flood,14,965265.04,153.0,13876.485099999998,5,31|44|51,0,,,2024-05-20 00:00:00,2024-05-22 00:00:00,2024,blind_primary,Iowa NOAA episode 191762,False,True,True,blind_noaa_event_screen,flash_or_mixed,True,True,False,official coverage only
N2024_191762_IOWA,19099,Jasper County,19,1.0,10,8,0.0,0.0,1180851|1180853|1183267|1183300|1183312|1183313|1183337|1183372|1183385|1183406,Flash Flood|Flood|Heavy Rain,16,814638.74,132.0,8034.395,5,31|51,1,4784,Severe Storm,2024-05-20 00:00:00,2024-05-22 00:00:00,2024,blind_primary,Iowa NOAA episode 191762,False,True,True,blind_noaa_event_screen,flash_or_mixed,True,True,False,official coverage only
N2024_191762_IOWA,19109,Kossuth County,19,1.0,11,5,0.0,0.0,1180841|1180842|1180844|1180845|1180847|1180871|1183305|1183401|1183403|1183845|1185182,Flash Flood|Flood|Heavy Rain,28,8540945.44,788.0,68208.00449500002,5,31|44|51,1,4784,Severe Storm,2024-05-20 00:00:00,2024-05-22 00:00:00,2024,blind_primary,Iowa NOAA episode 191762,False,True,True,blind_noaa_event_screen,flash_or_mixed,True,True,False,official coverage only
N2024_191762_IOWA,19127,Marshall County,19,1.0,5,4,0.0,0.0,1180854|1183388|1183418|1183833|1185176,Flood|Heavy Rain,10,460223.69999999995,45.0,3305.6278,5,31|44|51,1,4784,Severe Storm,2024-05-20 00:00:00,2024-05-22 00:00:00,2024,blind_primary,Iowa NOAA episode 191762,False,True,True,blind_noaa_event_screen,flash_or_mixed,True,True,False,official coverage only
N2024_191762_IOWA,19153,Polk County,19,1.0,5,2,0.0,0.0,1180852|1180858|1180876|1185183|1185610,Flood|Heavy Rain,5,134965.5,23.0,1242.8875,5,31|51,1,4784,Severe Storm,2024-05-20 00:00:00,2024-05-22 00:00:00,2024,blind_primary,Iowa NOAA episode 191762,False,True,True,blind_noaa_event_screen,flash_or_mixed,True,True,False,official coverage only
N2024_191762_IOWA,19157,Poweshiek County,19,1.0,2,2,0.0,0.0,1183415|1183839,Flood,10,599526.66,64.0,4351.502,5,31|51,1,4784,Severe Storm,2024-05-20 00:00:00,2024-05-22 00:00:00,2024,blind_primary,Iowa NOAA episode 191762,False,True,True,blind_noaa_event_screen,flash_or_mixed,True,True,False,official coverage only
N2024_191762_IOWA,19169,Story County,19,1.0,1,1,0.0,0.0,1183397,Flood,8,351558.2,95.0,4778.1186,5,31|51,1,4784,Severe Storm,2024-05-20 00:00:00,2024-05-22 00:00:00,2024,blind_primary,Iowa NOAA episode 191762,False,True,True,blind_noaa_event_screen,flash_or_mixed,True,True,False,official coverage only
N2024_191762_IOWA,19171,Tama County,19,1.0,10,7,0.0,0.0,1180848|1180849|1180850|1183307|1183308|1183310|1183328|1183329|1183332|1185180,Flash Flood|Flood|Heavy Rain,12,593636.4,92.0,7851.759800000001,5,31|51,1,4784,Severe Storm,2024-05-20 00:00:00,2024-05-22 00:00:00,2024,blind_primary,Iowa NOAA episode 191762,False,True,True,blind_noaa_event_screen,flash_or_mixed,True,True,False,official coverage only
N2025_202615_MISSOURI,29009,Barry County,29,1.0,2,0,0.0,0.0,1260793|1260824,Heavy Rain,3,23309.0,3.0,115.3,5,31|51,0,,,2025-05-23 00:00:00,2025-05-27 00:00:00,2025,blind_primary,Missouri NOAA episode 202615,False,True,False,blind_noaa_event_screen,flash_or_mixed,True,True,False,official coverage only
N2025_202615_MISSOURI,29011,Barton County,29,1.0,1,0,0.0,0.0,1260789,Heavy Rain,11,989659.0,104.0,7840.2522,5,31,0,,,2025-05-23 00:00:00,2025-05-27 00:00:00,2025,blind_primary,Missouri NOAA episode 202615,False,True,False,blind_noaa_event_screen,flash_or_mixed,True,True,False,official coverage only
N2025_202615_MISSOURI,29039,Cedar County,29,1.0,1,0,0.0,0.0,1260820,Heavy Rain,6,208968.3,19.0,2740.6234,5,31,0,,,2025-05-23 00:00:00,2025-05-27 00:00:00,2025,blind_primary,Missouri NOAA episode 202615,False,True,False,blind_noaa_event_screen,flash_or_mixed,True,True,False,official coverage only
N2025_202615_MISSOURI,29043,Christian County,29,1.0,5,5,0.0,0.0,1261023|1261024|1261027|1261028|1261029,Flash Flood|Flood,1,2256.0,1.0,60.0,5,31,0,,,2025-05-23 00:00:00,2025-05-27 00:00:00,2025,blind_primary,Missouri NOAA episode 202615,False,True,True,blind_noaa_event_screen,flash_or_mixed,True,True,False,official coverage only
N2025_202615_MISSOURI,29057,Dade County,29,1.0,2,0,0.0,0.0,1260795|1260796,Heavy Rain,6,207812.0,17.0,1765.8256999999999,5,31,1,4885,Severe Storm,2025-05-23 00:00:00,2025-05-27 00:00:00,2025,blind_primary,Missouri NOAA episode 202615,False,True,False,blind_noaa_event_screen,flash_or_mixed,True,True,False,official coverage only
N2025_202615_MISSOURI,29067,Douglas County,29,1.0,3,2,0.0,0.0,1260809|1261020|1261021,Flash Flood|Heavy Rain,0,0.0,0.0,0.0,,,1,4885,Severe Storm,2025-05-23 00:00:00,2025-05-27 00:00:00,2025,blind_primary,Missouri NOAA episode 202615,False,False,True,blind_noaa_event_screen,flash_or_mixed,True,True,False,official coverage only
N2025_202615_MISSOURI,29077,Greene County,29,1.0,12,7,0.0,200000.0,1260798|1260799|1260801|1260802|1260822|1260890|1260892|1260893|1260895|1260896|1260901|1260902,Flash Flood|Heavy Rain,2,13975.0,2.0,98.38,5,31,0,,,2025-05-23 00:00:00,2025-05-27 00:00:00,2025,blind_primary,Missouri NOAA episode 202615,False,True,True,blind_noaa_event_screen,flash_or_mixed,True,True,False,official coverage only
N2025_202615_MISSOURI,29091,Howell County,29,1.0,3,0,0.0,0.0,1260812|1260813|1260828,Heavy Rain,0,0.0,0.0,0.0,,,0,,,2025-05-23 00:00:00,2025-05-27 00:00:00,2025,blind_primary,Missouri NOAA episode 202615,False,False,False,blind_noaa_event_screen,flash_or_mixed,True,True,False,official coverage only
N2025_202615_MISSOURI,29109,Lawrence County,29,1.0,3,1,0.0,0.0,1260794|1260821|1261025,Flash Flood|Heavy Rain,5,127470.0,12.0,1142.1152000000002,5,31|51,0,,,2025-05-23 00:00:00,2025-05-27 00:00:00,2025,blind_primary,Missouri NOAA episode 202615,False,True,True,blind_noaa_event_screen,flash_or_mixed,True,True,False,official coverage only
N2025_202615_MISSOURI,29119,McDonald County,29,1.0,1,0,0.0,0.0,1260792,Heavy Rain,1,38140.0,1.0,160.4,5,31,0,,,2025-05-23 00:00:00,2025-05-27 00:00:00,2025,blind_primary,Missouri NOAA episode 202615,False,True,False,blind_noaa_event_screen,flash_or_mixed,True,True,False,official coverage only
N2025_202615_MISSOURI,29145,Newton County,29,1.0,2,0,0.0,0.0,1260790|1260791,Heavy Rain,4,36271.0,7.0,180.39249999999998,5,31,0,,,2025-05-23 00:00:00,2025-05-27 00:00:00,2025,blind_primary,Missouri NOAA episode 202615,False,True,False,blind_noaa_event_screen,flash_or_mixed,True,True,False,official coverage only
N2025_202615_MISSOURI,29149,Oregon County,29,1.0,1,0,0.0,0.0,1260815,Heavy Rain,0,0.0,0.0,0.0,,,0,,,2025-05-23 00:00:00,2025-05-27 00:00:00,2025,blind_primary,Missouri NOAA episode 202615,False,False,False,blind_noaa_event_screen,flash_or_mixed,True,True,False,official coverage only
N2025_202615_MISSOURI,29153,Ozark County,29,1.0,3,2,0.0,0.0,1260811|1261019|1261026,Flash Flood|Flood|Heavy Rain,0,0.0,0.0,0.0,,,1,4885,Severe Storm,2025-05-23 00:00:00,2025-05-27 00:00:00,2025,blind_primary,Missouri NOAA episode 202615,False,False,True,blind_noaa_event_screen,flash_or_mixed,True,True,False,official coverage only
N2025_202615_MISSOURI,29167,Polk County,29,1.0,1,0,0.0,0.0,1260808,Heavy Rain,5,108260.6,8.0,636.9679,5,31,0,,,2025-05-23 00:00:00,2025-05-27 00:00:00,2025,blind_primary,Missouri NOAA episode 202615,False,True,False,blind_noaa_event_screen,flash_or_mixed,True,True,False,official coverage only
N2025_202615_MISSOURI,29203,Shannon County,29,1.0,1,0,0.0,0.0,1260817,Heavy Rain,0,0.0,0.0,0.0,,,0,,,2025-05-23 00:00:00,2025-05-27 00:00:00,2025,blind_primary,Missouri NOAA episode 202615,False,False,False,blind_noaa_event_screen,flash_or_mixed,True,True,False,official coverage only
N2025_202615_MISSOURI,29209,Stone County,29,1.0,1,1,0.0,0.0,1261022,Flash Flood,0,0.0,0.0,0.0,,,0,,,2025-05-23 00:00:00,2025-05-27 00:00:00,2025,blind_primary,Missouri NOAA episode 202615,False,False,True,blind_noaa_event_screen,flash_or_mixed,True,True,False,official coverage only
N2025_202615_MISSOURI,29213,Taney County,29,1.0,5,0,0.0,0.0,1260804|1260805|1260806|1260807|1260825,Heavy Rain,0,0.0,0.0,0.0,,,0,,,2025-05-23 00:00:00,2025-05-27 00:00:00,2025,blind_primary,Missouri NOAA episode 202615,False,False,False,blind_noaa_event_screen,flash_or_mixed,True,True,False,official coverage only
N2025_202615_MISSOURI,29217,Vernon County,29,1.0,2,0,0.0,0.0,1260787|1260788,Heavy Rain,12,1775243.75,175.0,16611.967399999998,5,31,1,4885,Severe Storm,2025-05-23 00:00:00,2025-05-27 00:00:00,2025,blind_primary,Missouri NOAA episode 202615,False,True,False,blind_noaa_event_screen,flash_or_mixed,True,True,False,official coverage only
N2025_202615_MISSOURI,29225,Webster County,29,1.0,5,5,0.0,0.0,1260891|1260894|1260897|1260899|1260900,Flash Flood,4,33701.6,6.0,278.95799999999997,5,31,1,4885,Severe Storm,2025-05-23 00:00:00,2025-05-27 00:00:00,2025,blind_primary,Missouri NOAA episode 202615,False,True,True,blind_noaa_event_screen,flash_or_mixed,True,True,False,official coverage only
N2025_202615_MISSOURI,29229,Wright County,29,1.0,2,1,0.0,0.0,1260827|1260898,Flash Flood|Heavy Rain,0,0.0,0.0,0.0,,,0,,,2025-05-23 00:00:00,2025-05-27 00:00:00,2025,blind_primary,Missouri NOAA episode 202615,False,False,True,blind_noaa_event_screen,flash_or_mixed,True,True,False,official coverage only
