event_id,threshold_mode,scale_m,active_units,spearman,top10_overlap
C2_2025_LOWER_OHIO,fixed,500,684,0.9261769264425828,0.9855072463768116
C2_2025_LOWER_OHIO,fixed,10000,42,0.8499718957492997,1.0
C2_2025_LOWER_OHIO,otsu,500,605,0.8830013540909795,0.9672131147540983
C2_2025_LOWER_OHIO,otsu,10000,41,0.8259308391104957,1.0
D3_2024_CENTRAL_INDIANA,fixed,500,176,0.8770689719928008,0.9444444444444444
D3_2024_CENTRAL_INDIANA,fixed,10000,36,0.704346046936988,1.0
D3_2024_CENTRAL_INDIANA,otsu,500,125,0.9306097403811348,1.0
D3_2024_CENTRAL_INDIANA,otsu,10000,26,0.9020096844800406,1.0
D5_2024_NEBRASKA_IOWA,fixed,500,464,0.5663699536767222,0.7872340425531915
D5_2024_NEBRASKA_IOWA,fixed,10000,67,0.6088964409676956,0.5714285714285714
D5_2024_NEBRASKA_IOWA,otsu,500,3373,0.3953158765660327,0.650887573964497
D5_2024_NEBRASKA_IOWA,otsu,10000,92,0.9186879409464375,0.8
